date,sku,competitor,price
2021-01-01,TV-IND-001,Flipkart,39687.68
2021-01-01,TV-IND-001,Amazon,43431.6
2021-01-01,TV-IND-001,Croma,45269.25
2021-01-01,TV-IND-001,Reliance Digital,43757.24
2021-01-01,TV-IND-001,CompeteX,37746.33
2021-02-01,TV-IND-001,Flipkart,38586.21
2021-02-01,TV-IND-001,Amazon,38932.74
2021-02-01,TV-IND-001,Croma,45945.53
2021-02-01,TV-IND-001,Reliance Digital,43769.62
2021-02-01,TV-IND-001,CompeteX,40528.69
2021-03-01,TV-IND-001,Flipkart,37903.75
2021-03-01,TV-IND-001,Amazon,43528.35
2021-03-01,TV-IND-001,Croma,45775.51
2021-03-01,TV-IND-001,Reliance Digital,41810.19
2021-03-01,TV-IND-001,CompeteX,37876.4
2021-04-01,TV-IND-001,Flipkart,38724.36
2021-04-01,TV-IND-001,Amazon,40173.38
2021-04-01,TV-IND-001,Croma,44224.77
2021-04-01,TV-IND-001,Reliance Digital,42917.0
2021-04-01,TV-IND-001,CompeteX,38427.79
2021-05-01,TV-IND-001,Flipkart,40883.74
2021-05-01,TV-IND-001,Amazon,39343.05
2021-05-01,TV-IND-001,Croma,43052.41
2021-05-01,TV-IND-001,Reliance Digital,42586.46
2021-05-01,TV-IND-001,CompeteX,39258.59
2021-06-01,TV-IND-001,Flipkart,41757.29
2021-06-01,TV-IND-001,Amazon,39646.36
2021-06-01,TV-IND-001,Croma,44171.74
2021-06-01,TV-IND-001,Reliance Digital,43725.77
2021-06-01,TV-IND-001,CompeteX,37194.11
2021-07-01,TV-IND-001,Flipkart,40862.03
2021-07-01,TV-IND-001,Amazon,39499.44
2021-07-01,TV-IND-001,Croma,41907.86
2021-07-01,TV-IND-001,Reliance Digital,45522.38
2021-07-01,TV-IND-001,CompeteX,41826.79
2021-08-01,TV-IND-001,Flipkart,41874.32
2021-08-01,TV-IND-001,Amazon,40175.25
2021-08-01,TV-IND-001,Croma,42072.27
2021-08-01,TV-IND-001,Reliance Digital,44188.53
2021-08-01,TV-IND-001,CompeteX,39178.37
2021-09-01,TV-IND-001,Flipkart,38415.07
2021-09-01,TV-IND-001,Amazon,41135.69
2021-09-01,TV-IND-001,Croma,41753.32
2021-09-01,TV-IND-001,Reliance Digital,45322.97
2021-09-01,TV-IND-001,CompeteX,38264.25
2021-10-01,TV-IND-001,Flipkart,41139.11
2021-10-01,TV-IND-001,Amazon,40211.02
2021-10-01,TV-IND-001,Croma,44201.14
2021-10-01,TV-IND-001,Reliance Digital,43495.42
2021-10-01,TV-IND-001,CompeteX,37891.67
2021-11-01,TV-IND-001,Flipkart,42686.71
2021-11-01,TV-IND-001,Amazon,42546.67
2021-11-01,TV-IND-001,Croma,46315.07
2021-11-01,TV-IND-001,Reliance Digital,45249.93
2021-11-01,TV-IND-001,CompeteX,39973.42
2021-12-01,TV-IND-001,Flipkart,42446.25
2021-12-01,TV-IND-001,Amazon,39086.0
2021-12-01,TV-IND-001,Croma,42567.75
2021-12-01,TV-IND-001,Reliance Digital,40967.95
2021-12-01,TV-IND-001,CompeteX,38599.66
2022-01-01,TV-IND-001,Flipkart,40951.7
2022-01-01,TV-IND-001,Amazon,41207.83
2022-01-01,TV-IND-001,Croma,47129.54
2022-01-01,TV-IND-001,Reliance Digital,43814.18
2022-01-01,TV-IND-001,CompeteX,39527.19
2022-02-01,TV-IND-001,Flipkart,41751.24
2022-02-01,TV-IND-001,Amazon,40530.77
2022-02-01,TV-IND-001,Croma,46991.76
2022-02-01,TV-IND-001,Reliance Digital,42349.21
2022-02-01,TV-IND-001,CompeteX,43191.93
2022-03-01,TV-IND-001,Flipkart,42942.88
2022-03-01,TV-IND-001,Amazon,40830.77
2022-03-01,TV-IND-001,Croma,42856.07
2022-03-01,TV-IND-001,Reliance Digital,46195.42
2022-03-01,TV-IND-001,CompeteX,41738.24
2022-04-01,TV-IND-001,Flipkart,42718.42
2022-04-01,TV-IND-001,Amazon,43803.02
2022-04-01,TV-IND-001,Croma,43211.78
2022-04-01,TV-IND-001,Reliance Digital,43823.07
2022-04-01,TV-IND-001,CompeteX,38670.3
2022-05-01,TV-IND-001,Flipkart,43414.54
2022-05-01,TV-IND-001,Amazon,43034.87
2022-05-01,TV-IND-001,Croma,44545.16
2022-05-01,TV-IND-001,Reliance Digital,42292.14
2022-05-01,TV-IND-001,CompeteX,39683.17
2022-06-01,TV-IND-001,Flipkart,40622.09
2022-06-01,TV-IND-001,Amazon,43586.73
2022-06-01,TV-IND-001,Croma,46137.09
2022-06-01,TV-IND-001,Reliance Digital,46567.9
2022-06-01,TV-IND-001,CompeteX,40520.16
2022-07-01,TV-IND-001,Flipkart,39554.84
2022-07-01,TV-IND-001,Amazon,43501.8
2022-07-01,TV-IND-001,Croma,46776.79
2022-07-01,TV-IND-001,Reliance Digital,44875.9
2022-07-01,TV-IND-001,CompeteX,42071.04
2022-08-01,TV-IND-001,Flipkart,41497.39
2022-08-01,TV-IND-001,Amazon,42512.81
2022-08-01,TV-IND-001,Croma,45046.85
2022-08-01,TV-IND-001,Reliance Digital,42094.16
2022-08-01,TV-IND-001,CompeteX,38628.89
2022-09-01,TV-IND-001,Flipkart,39097.16
2022-09-01,TV-IND-001,Amazon,43102.93
2022-09-01,TV-IND-001,Croma,44459.28
2022-09-01,TV-IND-001,Reliance Digital,44602.29
2022-09-01,TV-IND-001,CompeteX,42780.16
2022-10-01,TV-IND-001,Flipkart,40228.13
2022-10-01,TV-IND-001,Amazon,41929.58
2022-10-01,TV-IND-001,Croma,46749.62
2022-10-01,TV-IND-001,Reliance Digital,43149.94
2022-10-01,TV-IND-001,CompeteX,38468.42
2022-11-01,TV-IND-001,Flipkart,40438.16
2022-11-01,TV-IND-001,Amazon,40636.13
2022-11-01,TV-IND-001,Croma,47653.65
2022-11-01,TV-IND-001,Reliance Digital,46157.31
2022-11-01,TV-IND-001,CompeteX,41356.93
2022-12-01,TV-IND-001,Flipkart,43457.93
2022-12-01,TV-IND-001,Amazon,43971.22
2022-12-01,TV-IND-001,Croma,43795.92
2022-12-01,TV-IND-001,Reliance Digital,46595.65
2022-12-01,TV-IND-001,CompeteX,40868.63
2023-01-01,TV-IND-001,Flipkart,44381.67
2023-01-01,TV-IND-001,Amazon,45745.68
2023-01-01,TV-IND-001,Croma,45773.7
2023-01-01,TV-IND-001,Reliance Digital,43772.34
2023-01-01,TV-IND-001,CompeteX,40395.32
2023-02-01,TV-IND-001,Flipkart,42349.78
2023-02-01,TV-IND-001,Amazon,45328.56
2023-02-01,TV-IND-001,Croma,48673.17
2023-02-01,TV-IND-001,Reliance Digital,43221.54
2023-02-01,TV-IND-001,CompeteX,41906.22
2023-03-01,TV-IND-001,Flipkart,42297.98
2023-03-01,TV-IND-001,Amazon,42144.99
2023-03-01,TV-IND-001,Croma,44715.17
2023-03-01,TV-IND-001,Reliance Digital,44988.08
2023-03-01,TV-IND-001,CompeteX,44215.0
2023-04-01,TV-IND-001,Flipkart,41794.68
2023-04-01,TV-IND-001,Amazon,43729.99
2023-04-01,TV-IND-001,Croma,47830.61
2023-04-01,TV-IND-001,Reliance Digital,45127.05
2023-04-01,TV-IND-001,CompeteX,44369.25
2023-05-01,TV-IND-001,Flipkart,45209.78
2023-05-01,TV-IND-001,Amazon,42303.52
2023-05-01,TV-IND-001,Croma,46731.3
2023-05-01,TV-IND-001,Reliance Digital,44791.81
2023-05-01,TV-IND-001,CompeteX,40699.33
2023-06-01,TV-IND-001,Flipkart,40265.06
2023-06-01,TV-IND-001,Amazon,44214.94
2023-06-01,TV-IND-001,Croma,46760.31
2023-06-01,TV-IND-001,Reliance Digital,43459.42
2023-06-01,TV-IND-001,CompeteX,40666.24
2023-07-01,TV-IND-001,Flipkart,44920.32
2023-07-01,TV-IND-001,Amazon,42238.24
2023-07-01,TV-IND-001,Croma,44848.89
2023-07-01,TV-IND-001,Reliance Digital,45799.25
2023-07-01,TV-IND-001,CompeteX,44443.34
2023-08-01,TV-IND-001,Flipkart,41361.16
2023-08-01,TV-IND-001,Amazon,44549.22
2023-08-01,TV-IND-001,Croma,48143.68
2023-08-01,TV-IND-001,Reliance Digital,44453.95
2023-08-01,TV-IND-001,CompeteX,43068.02
2023-09-01,TV-IND-001,Flipkart,42032.84
2023-09-01,TV-IND-001,Amazon,44336.43
2023-09-01,TV-IND-001,Croma,47459.37
2023-09-01,TV-IND-001,Reliance Digital,46046.72
2023-09-01,TV-IND-001,CompeteX,39659.96
2023-10-01,TV-IND-001,Flipkart,44530.52
2023-10-01,TV-IND-001,Amazon,42672.14
2023-10-01,TV-IND-001,Croma,45071.26
2023-10-01,TV-IND-001,Reliance Digital,43402.24
2023-10-01,TV-IND-001,CompeteX,42334.39
2023-11-01,TV-IND-001,Flipkart,43687.82
2023-11-01,TV-IND-001,Amazon,41047.02
2023-11-01,TV-IND-001,Croma,46810.61
2023-11-01,TV-IND-001,Reliance Digital,44394.43
2023-11-01,TV-IND-001,CompeteX,42624.37
2023-12-01,TV-IND-001,Flipkart,40999.54
2023-12-01,TV-IND-001,Amazon,44649.67
2023-12-01,TV-IND-001,Croma,46140.89
2023-12-01,TV-IND-001,Reliance Digital,48188.79
2023-12-01,TV-IND-001,CompeteX,39912.29
2024-01-01,TV-IND-001,Flipkart,43075.68
2024-01-01,TV-IND-001,Amazon,42740.98
2024-01-01,TV-IND-001,Croma,50402.1
2024-01-01,TV-IND-001,Reliance Digital,49226.35
2024-01-01,TV-IND-001,CompeteX,41703.43
2024-02-01,TV-IND-001,Flipkart,44827.69
2024-02-01,TV-IND-001,Amazon,46607.09
2024-02-01,TV-IND-001,Croma,48372.25
2024-02-01,TV-IND-001,Reliance Digital,47316.29
2024-02-01,TV-IND-001,CompeteX,41615.04
2024-03-01,TV-IND-001,Flipkart,41713.47
2024-03-01,TV-IND-001,Amazon,47046.54
2024-03-01,TV-IND-001,Croma,50268.74
2024-03-01,TV-IND-001,Reliance Digital,47884.61
2024-03-01,TV-IND-001,CompeteX,42148.89
2024-04-01,TV-IND-001,Flipkart,43120.42
2024-04-01,TV-IND-001,Amazon,46105.71
2024-04-01,TV-IND-001,Croma,50250.56
2024-04-01,TV-IND-001,Reliance Digital,49279.9
2024-04-01,TV-IND-001,CompeteX,44570.72
2024-05-01,TV-IND-001,Flipkart,44729.07
2024-05-01,TV-IND-001,Amazon,42579.83
2024-05-01,TV-IND-001,Croma,46210.12
2024-05-01,TV-IND-001,Reliance Digital,49342.9
2024-05-01,TV-IND-001,CompeteX,43617.88
2024-06-01,TV-IND-001,Flipkart,41252.52
2024-06-01,TV-IND-001,Amazon,42675.04
2024-06-01,TV-IND-001,Croma,48967.21
2024-06-01,TV-IND-001,Reliance Digital,44434.41
2024-06-01,TV-IND-001,CompeteX,41169.82
2024-07-01,TV-IND-001,Flipkart,44216.52
2024-07-01,TV-IND-001,Amazon,45918.6
2024-07-01,TV-IND-001,Croma,48903.81
2024-07-01,TV-IND-001,Reliance Digital,45638.65
2024-07-01,TV-IND-001,CompeteX,44198.83
2024-08-01,TV-IND-001,Flipkart,42505.35
2024-08-01,TV-IND-001,Amazon,43905.22
2024-08-01,TV-IND-001,Croma,49423.13
2024-08-01,TV-IND-001,Reliance Digital,47975.42
2024-08-01,TV-IND-001,CompeteX,44951.69
2024-09-01,TV-IND-001,Flipkart,44814.66
2024-09-01,TV-IND-001,Amazon,45239.66
2024-09-01,TV-IND-001,Croma,45836.81
2024-09-01,TV-IND-001,Reliance Digital,46426.68
2024-09-01,TV-IND-001,CompeteX,41743.32
2024-10-01,TV-IND-001,Flipkart,42542.38
2024-10-01,TV-IND-001,Amazon,47462.93
2024-10-01,TV-IND-001,Croma,47481.72
2024-10-01,TV-IND-001,Reliance Digital,49307.15
2024-10-01,TV-IND-001,CompeteX,43753.62
2024-11-01,TV-IND-001,Flipkart,45568.38
2024-11-01,TV-IND-001,Amazon,44878.89
2024-11-01,TV-IND-001,Croma,48491.48
2024-11-01,TV-IND-001,Reliance Digital,47112.3
2024-11-01,TV-IND-001,CompeteX,41358.99
2024-12-01,TV-IND-001,Flipkart,45170.86
2024-12-01,TV-IND-001,Amazon,43660.05
2024-12-01,TV-IND-001,Croma,45455.78
2024-12-01,TV-IND-001,Reliance Digital,47952.57
2024-12-01,TV-IND-001,CompeteX,41259.38
2021-01-01,MB-IND-002,Flipkart,89360.08
2021-01-01,MB-IND-002,Amazon,91259.96
2021-01-01,MB-IND-002,Croma,97142.29
2021-01-01,MB-IND-002,Reliance Digital,90514.41
2021-01-01,MB-IND-002,CompeteX,79347.56
2021-02-01,MB-IND-002,Flipkart,89252.04
2021-02-01,MB-IND-002,Amazon,86580.84
2021-02-01,MB-IND-002,Croma,97603.23
2021-02-01,MB-IND-002,Reliance Digital,95796.22
2021-02-01,MB-IND-002,CompeteX,86801.78
2021-03-01,MB-IND-002,Flipkart,83610.6
2021-03-01,MB-IND-002,Amazon,86197.37
2021-03-01,MB-IND-002,Croma,96575.12
2021-03-01,MB-IND-002,Reliance Digital,90040.61
2021-03-01,MB-IND-002,CompeteX,80718.49
2021-04-01,MB-IND-002,Flipkart,85945.53
2021-04-01,MB-IND-002,Amazon,91101.78
2021-04-01,MB-IND-002,Croma,95194.67
2021-04-01,MB-IND-002,Reliance Digital,92293.54
2021-04-01,MB-IND-002,CompeteX,80074.87
2021-05-01,MB-IND-002,Flipkart,86463.56
2021-05-01,MB-IND-002,Amazon,91581.48
2021-05-01,MB-IND-002,Croma,90246.75
2021-05-01,MB-IND-002,Reliance Digital,91833.13
2021-05-01,MB-IND-002,CompeteX,87018.62
2021-06-01,MB-IND-002,Flipkart,87582.84
2021-06-01,MB-IND-002,Amazon,88973.44
2021-06-01,MB-IND-002,Croma,95252.11
2021-06-01,MB-IND-002,Reliance Digital,90419.47
2021-06-01,MB-IND-002,CompeteX,81822.97
2021-07-01,MB-IND-002,Flipkart,88193.31
2021-07-01,MB-IND-002,Amazon,89980.01
2021-07-01,MB-IND-002,Croma,96716.94
2021-07-01,MB-IND-002,Reliance Digital,95347.84
2021-07-01,MB-IND-002,CompeteX,83760.95
2021-08-01,MB-IND-002,Flipkart,85453.5
2021-08-01,MB-IND-002,Amazon,89874.83
2021-08-01,MB-IND-002,Croma,94784.68
2021-08-01,MB-IND-002,Reliance Digital,93467.51
2021-08-01,MB-IND-002,CompeteX,86292.55
2021-09-01,MB-IND-002,Flipkart,88911.05
2021-09-01,MB-IND-002,Amazon,85778.16
2021-09-01,MB-IND-002,Croma,92342.69
2021-09-01,MB-IND-002,Reliance Digital,88056.44
2021-09-01,MB-IND-002,CompeteX,84356.69
2021-10-01,MB-IND-002,Flipkart,81309.89
2021-10-01,MB-IND-002,Amazon,86913.82
2021-10-01,MB-IND-002,Croma,93829.54
2021-10-01,MB-IND-002,Reliance Digital,89770.22
2021-10-01,MB-IND-002,CompeteX,84468.42
2021-11-01,MB-IND-002,Flipkart,81261.45
2021-11-01,MB-IND-002,Amazon,83102.4
2021-11-01,MB-IND-002,Croma,96321.14
2021-11-01,MB-IND-002,Reliance Digital,90425.7
2021-11-01,MB-IND-002,CompeteX,80340.84
2021-12-01,MB-IND-002,Flipkart,85637.97
2021-12-01,MB-IND-002,Amazon,89622.94
2021-12-01,MB-IND-002,Croma,90920.81
2021-12-01,MB-IND-002,Reliance Digital,92763.73
2021-12-01,MB-IND-002,CompeteX,79969.59
2022-01-01,MB-IND-002,Flipkart,83893.47
2022-01-01,MB-IND-002,Amazon,90124.03
2022-01-01,MB-IND-002,Croma,96626.0
2022-01-01,MB-IND-002,Reliance Digital,95679.92
2022-01-01,MB-IND-002,CompeteX,88242.38
2022-02-01,MB-IND-002,Flipkart,92365.34
2022-02-01,MB-IND-002,Amazon,89986.03
2022-02-01,MB-IND-002,Croma,94630.54
2022-02-01,MB-IND-002,Reliance Digital,97126.07
2022-02-01,MB-IND-002,CompeteX,84069.02
2022-03-01,MB-IND-002,Flipkart,87443.75
2022-03-01,MB-IND-002,Amazon,85972.31
2022-03-01,MB-IND-002,Croma,91902.39
2022-03-01,MB-IND-002,Reliance Digital,98661.2
2022-03-01,MB-IND-002,CompeteX,89249.73
2022-04-01,MB-IND-002,Flipkart,89799.7
2022-04-01,MB-IND-002,Amazon,89001.97
2022-04-01,MB-IND-002,Croma,93258.59
2022-04-01,MB-IND-002,Reliance Digital,91270.66
2022-04-01,MB-IND-002,CompeteX,83880.28
2022-05-01,MB-IND-002,Flipkart,88454.46
2022-05-01,MB-IND-002,Amazon,91803.8
2022-05-01,MB-IND-002,Croma,97722.03
2022-05-01,MB-IND-002,Reliance Digital,92402.75
2022-05-01,MB-IND-002,CompeteX,90339.55
2022-06-01,MB-IND-002,Flipkart,90184.0
2022-06-01,MB-IND-002,Amazon,90334.86
2022-06-01,MB-IND-002,Croma,97277.64
2022-06-01,MB-IND-002,Reliance Digital,93683.07
2022-06-01,MB-IND-002,CompeteX,83857.25
2022-07-01,MB-IND-002,Flipkart,86682.9
2022-07-01,MB-IND-002,Amazon,92200.28
2022-07-01,MB-IND-002,Croma,91801.95
2022-07-01,MB-IND-002,Reliance Digital,90900.64
2022-07-01,MB-IND-002,CompeteX,82008.01
2022-08-01,MB-IND-002,Flipkart,83793.06
2022-08-01,MB-IND-002,Amazon,93095.11
2022-08-01,MB-IND-002,Croma,98120.43
2022-08-01,MB-IND-002,Reliance Digital,94183.35
2022-08-01,MB-IND-002,CompeteX,82483.15
2022-09-01,MB-IND-002,Flipkart,87926.34
2022-09-01,MB-IND-002,Amazon,89593.42
2022-09-01,MB-IND-002,Croma,93257.74
2022-09-01,MB-IND-002,Reliance Digital,93813.72
2022-09-01,MB-IND-002,CompeteX,85239.39
2022-10-01,MB-IND-002,Flipkart,89065.2
2022-10-01,MB-IND-002,Amazon,91075.0
2022-10-01,MB-IND-002,Croma,92085.3
2022-10-01,MB-IND-002,Reliance Digital,93270.67
2022-10-01,MB-IND-002,CompeteX,87323.56
2022-11-01,MB-IND-002,Flipkart,88031.95
2022-11-01,MB-IND-002,Amazon,93104.54
2022-11-01,MB-IND-002,Croma,97708.24
2022-11-01,MB-IND-002,Reliance Digital,91330.22
2022-11-01,MB-IND-002,CompeteX,82233.2
2022-12-01,MB-IND-002,Flipkart,89308.76
2022-12-01,MB-IND-002,Amazon,85496.13
2022-12-01,MB-IND-002,Croma,97039.8
2022-12-01,MB-IND-002,Reliance Digital,98455.69
2022-12-01,MB-IND-002,CompeteX,86861.67
2023-01-01,MB-IND-002,Flipkart,89511.4
2023-01-01,MB-IND-002,Amazon,93804.98
2023-01-01,MB-IND-002,Croma,98663.16
2023-01-01,MB-IND-002,Reliance Digital,97600.55
2023-01-01,MB-IND-002,CompeteX,92844.38
2023-02-01,MB-IND-002,Flipkart,89491.89
2023-02-01,MB-IND-002,Amazon,96804.07
2023-02-01,MB-IND-002,Croma,102881.08
2023-02-01,MB-IND-002,Reliance Digital,94300.29
2023-02-01,MB-IND-002,CompeteX,84616.95
2023-03-01,MB-IND-002,Flipkart,86800.14
2023-03-01,MB-IND-002,Amazon,87908.1
2023-03-01,MB-IND-002,Croma,95230.97
2023-03-01,MB-IND-002,Reliance Digital,98896.69
2023-03-01,MB-IND-002,CompeteX,84634.19
2023-04-01,MB-IND-002,Flipkart,88858.62
2023-04-01,MB-IND-002,Amazon,95706.75
2023-04-01,MB-IND-002,Croma,94559.55
2023-04-01,MB-IND-002,Reliance Digital,100136.9
2023-04-01,MB-IND-002,CompeteX,86621.62
2023-05-01,MB-IND-002,Flipkart,86964.17
2023-05-01,MB-IND-002,Amazon,94309.22
2023-05-01,MB-IND-002,Croma,100273.45
2023-05-01,MB-IND-002,Reliance Digital,100731.27
2023-05-01,MB-IND-002,CompeteX,90897.26
2023-06-01,MB-IND-002,Flipkart,93429.44
2023-06-01,MB-IND-002,Amazon,90396.91
2023-06-01,MB-IND-002,Croma,96013.96
2023-06-01,MB-IND-002,Reliance Digital,99534.5
2023-06-01,MB-IND-002,CompeteX,91574.28
2023-07-01,MB-IND-002,Flipkart,95193.83
2023-07-01,MB-IND-002,Amazon,91628.84
2023-07-01,MB-IND-002,Croma,97849.62
2023-07-01,MB-IND-002,Reliance Digital,99777.88
2023-07-01,MB-IND-002,CompeteX,87177.74
2023-08-01,MB-IND-002,Flipkart,94630.16
2023-08-01,MB-IND-002,Amazon,95834.47
2023-08-01,MB-IND-002,Croma,98387.13
2023-08-01,MB-IND-002,Reliance Digital,99536.92
2023-08-01,MB-IND-002,CompeteX,91080.96
2023-09-01,MB-IND-002,Flipkart,86822.27
2023-09-01,MB-IND-002,Amazon,96250.88
2023-09-01,MB-IND-002,Croma,99106.55
2023-09-01,MB-IND-002,Reliance Digital,100250.0
2023-09-01,MB-IND-002,CompeteX,86981.95
2023-10-01,MB-IND-002,Flipkart,94297.77
2023-10-01,MB-IND-002,Amazon,91407.93
2023-10-01,MB-IND-002,Croma,94442.24
2023-10-01,MB-IND-002,Reliance Digital,100994.57
2023-10-01,MB-IND-002,CompeteX,84823.8
2023-11-01,MB-IND-002,Flipkart,88861.8
2023-11-01,MB-IND-002,Amazon,96699.08
2023-11-01,MB-IND-002,Croma,103308.03
2023-11-01,MB-IND-002,Reliance Digital,97863.01
2023-11-01,MB-IND-002,CompeteX,89923.35
2023-12-01,MB-IND-002,Flipkart,90080.04
2023-12-01,MB-IND-002,Amazon,90502.35
2023-12-01,MB-IND-002,Croma,97440.62
2023-12-01,MB-IND-002,Reliance Digital,98797.74
2023-12-01,MB-IND-002,CompeteX,91060.5
2024-01-01,MB-IND-002,Flipkart,95958.21
2024-01-01,MB-IND-002,Amazon,97879.39
2024-01-01,MB-IND-002,Croma,97894.79
2024-01-01,MB-IND-002,Reliance Digital,99866.17
2024-01-01,MB-IND-002,CompeteX,86897.28
2024-02-01,MB-IND-002,Flipkart,93610.08
2024-02-01,MB-IND-002,Amazon,94502.59
2024-02-01,MB-IND-002,Croma,105621.62
2024-02-01,MB-IND-002,Reliance Digital,98474.03
2024-02-01,MB-IND-002,CompeteX,87474.57
2024-03-01,MB-IND-002,Flipkart,89666.26
2024-03-01,MB-IND-002,Amazon,97606.71
2024-03-01,MB-IND-002,Croma,103007.33
2024-03-01,MB-IND-002,Reliance Digital,96050.79
2024-03-01,MB-IND-002,CompeteX,87154.82
2024-04-01,MB-IND-002,Flipkart,95079.2
2024-04-01,MB-IND-002,Amazon,90925.17
2024-04-01,MB-IND-002,Croma,104982.86
2024-04-01,MB-IND-002,Reliance Digital,101921.06
2024-04-01,MB-IND-002,CompeteX,87128.06
2024-05-01,MB-IND-002,Flipkart,89102.11
2024-05-01,MB-IND-002,Amazon,99790.69
2024-05-01,MB-IND-002,Croma,100640.8
2024-05-01,MB-IND-002,Reliance Digital,98665.4
2024-05-01,MB-IND-002,CompeteX,94223.87
2024-06-01,MB-IND-002,Flipkart,97468.36
2024-06-01,MB-IND-002,Amazon,99784.5
2024-06-01,MB-IND-002,Croma,104318.52
2024-06-01,MB-IND-002,Reliance Digital,98719.89
2024-06-01,MB-IND-002,CompeteX,87148.94
2024-07-01,MB-IND-002,Flipkart,95818.2
2024-07-01,MB-IND-002,Amazon,95636.38
2024-07-01,MB-IND-002,Croma,101125.38
2024-07-01,MB-IND-002,Reliance Digital,103862.34
2024-07-01,MB-IND-002,CompeteX,87417.63
2024-08-01,MB-IND-002,Flipkart,93058.06
2024-08-01,MB-IND-002,Amazon,90329.44
2024-08-01,MB-IND-002,Croma,101556.48
2024-08-01,MB-IND-002,Reliance Digital,95616.0
2024-08-01,MB-IND-002,CompeteX,87491.55
2024-09-01,MB-IND-002,Flipkart,89419.22
2024-09-01,MB-IND-002,Amazon,96517.29
2024-09-01,MB-IND-002,Croma,104247.38
2024-09-01,MB-IND-002,Reliance Digital,100729.06
2024-09-01,MB-IND-002,CompeteX,95672.94
2024-10-01,MB-IND-002,Flipkart,91915.72
2024-10-01,MB-IND-002,Amazon,92990.99
2024-10-01,MB-IND-002,Croma,105436.28
2024-10-01,MB-IND-002,Reliance Digital,97238.9
2024-10-01,MB-IND-002,CompeteX,95683.12
2024-11-01,MB-IND-002,Flipkart,88397.01
2024-11-01,MB-IND-002,Amazon,99628.09
2024-11-01,MB-IND-002,Croma,97428.69
2024-11-01,MB-IND-002,Reliance Digital,103714.78
2024-11-01,MB-IND-002,CompeteX,91458.13
2024-12-01,MB-IND-002,Flipkart,97911.85
2024-12-01,MB-IND-002,Amazon,90935.2
2024-12-01,MB-IND-002,Croma,102382.94
2024-12-01,MB-IND-002,Reliance Digital,104473.0
2024-12-01,MB-IND-002,CompeteX,91413.47
2021-01-01,LP-IND-003,Flipkart,66335.89
2021-01-01,LP-IND-003,Amazon,68237.31
2021-01-01,LP-IND-003,Croma,71029.06
2021-01-01,LP-IND-003,Reliance Digital,71080.87
2021-01-01,LP-IND-003,CompeteX,64608.0
2021-02-01,LP-IND-003,Flipkart,68553.45
2021-02-01,LP-IND-003,Amazon,62930.84
2021-02-01,LP-IND-003,Croma,69612.66
2021-02-01,LP-IND-003,Reliance Digital,73715.36
2021-02-01,LP-IND-003,CompeteX,67104.55
2021-03-01,LP-IND-003,Flipkart,64918.16
2021-03-01,LP-IND-003,Amazon,67620.28
2021-03-01,LP-IND-003,Croma,69583.43
2021-03-01,LP-IND-003,Reliance Digital,67495.07
2021-03-01,LP-IND-003,CompeteX,63623.78
2021-04-01,LP-IND-003,Flipkart,64083.35
2021-04-01,LP-IND-003,Amazon,67322.63
2021-04-01,LP-IND-003,Croma,67954.31
2021-04-01,LP-IND-003,Reliance Digital,73911.06
2021-04-01,LP-IND-003,CompeteX,67887.48
2021-05-01,LP-IND-003,Flipkart,66897.0
2021-05-01,LP-IND-003,Amazon,66934.55
2021-05-01,LP-IND-003,Croma,69845.75
2021-05-01,LP-IND-003,Reliance Digital,72600.57
2021-05-01,LP-IND-003,CompeteX,65427.41
2021-06-01,LP-IND-003,Flipkart,62526.95
2021-06-01,LP-IND-003,Amazon,69993.17
2021-06-01,LP-IND-003,Croma,74031.9
2021-06-01,LP-IND-003,Reliance Digital,73710.37
2021-06-01,LP-IND-003,CompeteX,65761.87
2021-07-01,LP-IND-003,Flipkart,66205.47
2021-07-01,LP-IND-003,Amazon,65972.86
2021-07-01,LP-IND-003,Croma,74931.06
2021-07-01,LP-IND-003,Reliance Digital,73027.08
2021-07-01,LP-IND-003,CompeteX,60208.98
2021-08-01,LP-IND-003,Flipkart,61415.15
2021-08-01,LP-IND-003,Amazon,65631.94
2021-08-01,LP-IND-003,Croma,73934.12
2021-08-01,LP-IND-003,Reliance Digital,74016.17
2021-08-01,LP-IND-003,CompeteX,61067.4
2021-09-01,LP-IND-003,Flipkart,66048.11
2021-09-01,LP-IND-003,Amazon,65668.07
2021-09-01,LP-IND-003,Croma,75234.5
2021-09-01,LP-IND-003,Reliance Digital,72831.69
2021-09-01,LP-IND-003,CompeteX,66680.76
2021-10-01,LP-IND-003,Flipkart,65024.54
2021-10-01,LP-IND-003,Amazon,65944.93
2021-10-01,LP-IND-003,Croma,69551.0
2021-10-01,LP-IND-003,Reliance Digital,66420.02
2021-10-01,LP-IND-003,CompeteX,66896.13
2021-11-01,LP-IND-003,Flipkart,67833.27
2021-11-01,LP-IND-003,Amazon,70717.7
2021-11-01,LP-IND-003,Croma,75452.56
2021-11-01,LP-IND-003,Reliance Digital,70492.32
2021-11-01,LP-IND-003,CompeteX,66114.94
2021-12-01,LP-IND-003,Flipkart,68909.29
2021-12-01,LP-IND-003,Amazon,69493.12
2021-12-01,LP-IND-003,Croma,69338.36
2021-12-01,LP-IND-003,Reliance Digital,69636.44
2021-12-01,LP-IND-003,CompeteX,60893.94
2022-01-01,LP-IND-003,Flipkart,71054.61
2022-01-01,LP-IND-003,Amazon,69531.58
2022-01-01,LP-IND-003,Croma,71261.3
2022-01-01,LP-IND-003,Reliance Digital,73584.31
2022-01-01,LP-IND-003,CompeteX,66830.44
2022-02-01,LP-IND-003,Flipkart,66046.29
2022-02-01,LP-IND-003,Amazon,65391.23
2022-02-01,LP-IND-003,Croma,74984.04
2022-02-01,LP-IND-003,Reliance Digital,72311.88
2022-02-01,LP-IND-003,CompeteX,68126.38
2022-03-01,LP-IND-003,Flipkart,67407.87
2022-03-01,LP-IND-003,Amazon,71599.22
2022-03-01,LP-IND-003,Croma,73978.27
2022-03-01,LP-IND-003,Reliance Digital,72653.37
2022-03-01,LP-IND-003,CompeteX,69003.3
2022-04-01,LP-IND-003,Flipkart,66427.19
2022-04-01,LP-IND-003,Amazon,65563.17
2022-04-01,LP-IND-003,Croma,69581.51
2022-04-01,LP-IND-003,Reliance Digital,74285.58
2022-04-01,LP-IND-003,CompeteX,66848.78
2022-05-01,LP-IND-003,Flipkart,68953.65
2022-05-01,LP-IND-003,Amazon,66226.72
2022-05-01,LP-IND-003,Croma,70485.77
2022-05-01,LP-IND-003,Reliance Digital,68061.05
2022-05-01,LP-IND-003,CompeteX,64581.82
2022-06-01,LP-IND-003,Flipkart,67994.14
2022-06-01,LP-IND-003,Amazon,67733.53
2022-06-01,LP-IND-003,Croma,73016.49
2022-06-01,LP-IND-003,Reliance Digital,75538.07
2022-06-01,LP-IND-003,CompeteX,64562.22
2022-07-01,LP-IND-003,Flipkart,67355.98
2022-07-01,LP-IND-003,Amazon,71023.25
2022-07-01,LP-IND-003,Croma,72672.46
2022-07-01,LP-IND-003,Reliance Digital,73167.31
2022-07-01,LP-IND-003,CompeteX,68883.19
2022-08-01,LP-IND-003,Flipkart,71016.53
2022-08-01,LP-IND-003,Amazon,65672.92
2022-08-01,LP-IND-003,Croma,77127.38
2022-08-01,LP-IND-003,Reliance Digital,72074.94
2022-08-01,LP-IND-003,CompeteX,63805.69
2022-09-01,LP-IND-003,Flipkart,66894.94
2022-09-01,LP-IND-003,Amazon,72673.78
2022-09-01,LP-IND-003,Croma,73479.96
2022-09-01,LP-IND-003,Reliance Digital,70701.89
2022-09-01,LP-IND-003,CompeteX,66958.81
2022-10-01,LP-IND-003,Flipkart,65054.38
2022-10-01,LP-IND-003,Amazon,65074.42
2022-10-01,LP-IND-003,Croma,70422.81
2022-10-01,LP-IND-003,Reliance Digital,69015.0
2022-10-01,LP-IND-003,CompeteX,62911.91
2022-11-01,LP-IND-003,Flipkart,64202.81
2022-11-01,LP-IND-003,Amazon,69823.22
2022-11-01,LP-IND-003,Croma,70868.27
2022-11-01,LP-IND-003,Reliance Digital,70844.06
2022-11-01,LP-IND-003,CompeteX,69172.53
2022-12-01,LP-IND-003,Flipkart,67019.55
2022-12-01,LP-IND-003,Amazon,70047.49
2022-12-01,LP-IND-003,Croma,70787.91
2022-12-01,LP-IND-003,Reliance Digital,69554.95
2022-12-01,LP-IND-003,CompeteX,61978.69
2023-01-01,LP-IND-003,Flipkart,66333.22
2023-01-01,LP-IND-003,Amazon,68723.29
2023-01-01,LP-IND-003,Croma,72890.27
2023-01-01,LP-IND-003,Reliance Digital,70684.84
2023-01-01,LP-IND-003,CompeteX,64473.85
2023-02-01,LP-IND-003,Flipkart,68857.55
2023-02-01,LP-IND-003,Amazon,68098.3
2023-02-01,LP-IND-003,Croma,74509.99
2023-02-01,LP-IND-003,Reliance Digital,74271.96
2023-02-01,LP-IND-003,CompeteX,69402.04
2023-03-01,LP-IND-003,Flipkart,65212.03
2023-03-01,LP-IND-003,Amazon,73228.18
2023-03-01,LP-IND-003,Croma,76790.29
2023-03-01,LP-IND-003,Reliance Digital,70624.78
2023-03-01,LP-IND-003,CompeteX,70986.51
2023-04-01,LP-IND-003,Flipkart,72837.18
2023-04-01,LP-IND-003,Amazon,66841.9
2023-04-01,LP-IND-003,Croma,73754.08
2023-04-01,LP-IND-003,Reliance Digital,76890.92
2023-04-01,LP-IND-003,CompeteX,69902.55
2023-05-01,LP-IND-003,Flipkart,66468.03
2023-05-01,LP-IND-003,Amazon,68124.39
2023-05-01,LP-IND-003,Croma,74563.64
2023-05-01,LP-IND-003,Reliance Digital,74108.53
2023-05-01,LP-IND-003,CompeteX,68778.06
2023-06-01,LP-IND-003,Flipkart,68062.96
2023-06-01,LP-IND-003,Amazon,70314.34
2023-06-01,LP-IND-003,Croma,77824.52
2023-06-01,LP-IND-003,Reliance Digital,70234.9
2023-06-01,LP-IND-003,CompeteX,65613.88
2023-07-01,LP-IND-003,Flipkart,71042.19
2023-07-01,LP-IND-003,Amazon,74056.78
2023-07-01,LP-IND-003,Croma,75785.01
2023-07-01,LP-IND-003,Reliance Digital,74520.17
2023-07-01,LP-IND-003,CompeteX,64357.4
2023-08-01,LP-IND-003,Flipkart,68741.94
2023-08-01,LP-IND-003,Amazon,70920.53
2023-08-01,LP-IND-003,Croma,73456.47
2023-08-01,LP-IND-003,Reliance Digital,72246.45
2023-08-01,LP-IND-003,CompeteX,66693.76
2023-09-01,LP-IND-003,Flipkart,65045.61
2023-09-01,LP-IND-003,Amazon,69099.46
2023-09-01,LP-IND-003,Croma,73188.14
2023-09-01,LP-IND-003,Reliance Digital,72750.32
2023-09-01,LP-IND-003,CompeteX,64466.29
2023-10-01,LP-IND-003,Flipkart,72574.7
2023-10-01,LP-IND-003,Amazon,71447.94
2023-10-01,LP-IND-003,Croma,77233.16
2023-10-01,LP-IND-003,Reliance Digital,76743.62
2023-10-01,LP-IND-003,CompeteX,67741.73
2023-11-01,LP-IND-003,Flipkart,65623.83
2023-11-01,LP-IND-003,Amazon,70959.36
2023-11-01,LP-IND-003,Croma,76435.14
2023-11-01,LP-IND-003,Reliance Digital,76365.35
2023-11-01,LP-IND-003,CompeteX,67164.08
2023-12-01,LP-IND-003,Flipkart,65975.52
2023-12-01,LP-IND-003,Amazon,68768.15
2023-12-01,LP-IND-003,Croma,74499.72
2023-12-01,LP-IND-003,Reliance Digital,75504.53
2023-12-01,LP-IND-003,CompeteX,68367.4
2024-01-01,LP-IND-003,Flipkart,69875.27
2024-01-01,LP-IND-003,Amazon,76964.86
2024-01-01,LP-IND-003,Croma,78766.8
2024-01-01,LP-IND-003,Reliance Digital,74006.39
2024-01-01,LP-IND-003,CompeteX,66130.89
2024-02-01,LP-IND-003,Flipkart,68067.59
2024-02-01,LP-IND-003,Amazon,70378.05
2024-02-01,LP-IND-003,Croma,74807.96
2024-02-01,LP-IND-003,Reliance Digital,73555.8
2024-02-01,LP-IND-003,CompeteX,67761.35
2024-03-01,LP-IND-003,Flipkart,68250.05
2024-03-01,LP-IND-003,Amazon,76166.59
2024-03-01,LP-IND-003,Croma,74092.43
2024-03-01,LP-IND-003,Reliance Digital,76561.61
2024-03-01,LP-IND-003,CompeteX,68875.83
2024-04-01,LP-IND-003,Flipkart,75445.67
2024-04-01,LP-IND-003,Amazon,69186.92
2024-04-01,LP-IND-003,Croma,76917.49
2024-04-01,LP-IND-003,Reliance Digital,80519.26
2024-04-01,LP-IND-003,CompeteX,72923.77
2024-05-01,LP-IND-003,Flipkart,73975.37
2024-05-01,LP-IND-003,Amazon,70484.29
2024-05-01,LP-IND-003,Croma,74898.74
2024-05-01,LP-IND-003,Reliance Digital,77843.58
2024-05-01,LP-IND-003,CompeteX,73491.84
2024-06-01,LP-IND-003,Flipkart,71660.07
2024-06-01,LP-IND-003,Amazon,73274.55
2024-06-01,LP-IND-003,Croma,75869.05
2024-06-01,LP-IND-003,Reliance Digital,78740.58
2024-06-01,LP-IND-003,CompeteX,66889.24
2024-07-01,LP-IND-003,Flipkart,69586.93
2024-07-01,LP-IND-003,Amazon,71974.4
2024-07-01,LP-IND-003,Croma,77893.69
2024-07-01,LP-IND-003,Reliance Digital,74052.49
2024-07-01,LP-IND-003,CompeteX,66247.0
2024-08-01,LP-IND-003,Flipkart,72139.1
2024-08-01,LP-IND-003,Amazon,70757.6
2024-08-01,LP-IND-003,Croma,78548.57
2024-08-01,LP-IND-003,Reliance Digital,73269.36
2024-08-01,LP-IND-003,CompeteX,69505.05
2024-09-01,LP-IND-003,Flipkart,71445.06
2024-09-01,LP-IND-003,Amazon,68651.34
2024-09-01,LP-IND-003,Croma,76372.69
2024-09-01,LP-IND-003,Reliance Digital,73091.94
2024-09-01,LP-IND-003,CompeteX,65789.28
2024-10-01,LP-IND-003,Flipkart,75513.1
2024-10-01,LP-IND-003,Amazon,71057.54
2024-10-01,LP-IND-003,Croma,80582.15
2024-10-01,LP-IND-003,Reliance Digital,74161.28
2024-10-01,LP-IND-003,CompeteX,71287.16
2024-11-01,LP-IND-003,Flipkart,73469.77
2024-11-01,LP-IND-003,Amazon,73488.25
2024-11-01,LP-IND-003,Croma,77573.19
2024-11-01,LP-IND-003,Reliance Digital,75559.48
2024-11-01,LP-IND-003,CompeteX,68328.57
2024-12-01,LP-IND-003,Flipkart,74975.6
2024-12-01,LP-IND-003,Amazon,75578.26
2024-12-01,LP-IND-003,Croma,81962.14
2024-12-01,LP-IND-003,Reliance Digital,73001.95
2024-12-01,LP-IND-003,CompeteX,71726.23
2021-01-01,WM-IND-004,Flipkart,32683.77
2021-01-01,WM-IND-004,Amazon,29931.92
2021-01-01,WM-IND-004,Croma,31657.9
2021-01-01,WM-IND-004,Reliance Digital,34040.22
2021-01-01,WM-IND-004,CompeteX,30413.64
2021-02-01,WM-IND-004,Flipkart,32251.39
2021-02-01,WM-IND-004,Amazon,29746.18
2021-02-01,WM-IND-004,Croma,34922.8
2021-02-01,WM-IND-004,Reliance Digital,31623.29
2021-02-01,WM-IND-004,CompeteX,28573.18
2021-03-01,WM-IND-004,Flipkart,29215.91
2021-03-01,WM-IND-004,Amazon,32769.29
2021-03-01,WM-IND-004,Croma,34340.08
2021-03-01,WM-IND-004,Reliance Digital,33063.33
2021-03-01,WM-IND-004,CompeteX,29447.56
2021-04-01,WM-IND-004,Flipkart,32409.86
2021-04-01,WM-IND-004,Amazon,30878.15
2021-04-01,WM-IND-004,Croma,35018.37
2021-04-01,WM-IND-004,Reliance Digital,32687.32
2021-04-01,WM-IND-004,CompeteX,29528.71
2021-05-01,WM-IND-004,Flipkart,30552.81
2021-05-01,WM-IND-004,Amazon,30470.17
2021-05-01,WM-IND-004,Croma,34709.29
2021-05-01,WM-IND-004,Reliance Digital,32972.19
2021-05-01,WM-IND-004,CompeteX,28880.31
2021-06-01,WM-IND-004,Flipkart,32510.09
2021-06-01,WM-IND-004,Amazon,30839.83
2021-06-01,WM-IND-004,Croma,33795.12
2021-06-01,WM-IND-004,Reliance Digital,34781.0
2021-06-01,WM-IND-004,CompeteX,30636.59
2021-07-01,WM-IND-004,Flipkart,29003.7
2021-07-01,WM-IND-004,Amazon,33330.45
2021-07-01,WM-IND-004,Croma,34172.13
2021-07-01,WM-IND-004,Reliance Digital,32220.38
2021-07-01,WM-IND-004,CompeteX,28463.94
2021-08-01,WM-IND-004,Flipkart,32037.23
2021-08-01,WM-IND-004,Amazon,31897.93
2021-08-01,WM-IND-004,Croma,33749.91
2021-08-01,WM-IND-004,Reliance Digital,34724.64
2021-08-01,WM-IND-004,CompeteX,31372.92
2021-09-01,WM-IND-004,Flipkart,29159.5
2021-09-01,WM-IND-004,Amazon,30516.51
2021-09-01,WM-IND-004,Croma,32473.23
2021-09-01,WM-IND-004,Reliance Digital,34052.88
2021-09-01,WM-IND-004,CompeteX,27990.23
2021-10-01,WM-IND-004,Flipkart,31033.11
2021-10-01,WM-IND-004,Amazon,32535.81
2021-10-01,WM-IND-004,Croma,35287.91
2021-10-01,WM-IND-004,Reliance Digital,32252.53
2021-10-01,WM-IND-004,CompeteX,31519.23
2021-11-01,WM-IND-004,Flipkart,28975.63
2021-11-01,WM-IND-004,Amazon,32912.11
2021-11-01,WM-IND-004,Croma,31931.15
2021-11-01,WM-IND-004,Reliance Digital,32499.85
2021-11-01,WM-IND-004,CompeteX,31411.88
2021-12-01,WM-IND-004,Flipkart,29151.63
2021-12-01,WM-IND-004,Amazon,30147.05
2021-12-01,WM-IND-004,Croma,34595.69
2021-12-01,WM-IND-004,Reliance Digital,33945.76
2021-12-01,WM-IND-004,CompeteX,30712.34
2022-01-01,WM-IND-004,Flipkart,32536.56
2022-01-01,WM-IND-004,Amazon,32497.95
2022-01-01,WM-IND-004,Croma,33462.7
2022-01-01,WM-IND-004,Reliance Digital,33236.78
2022-01-01,WM-IND-004,CompeteX,29513.16
2022-02-01,WM-IND-004,Flipkart,33526.35
2022-02-01,WM-IND-004,Amazon,32685.6
2022-02-01,WM-IND-004,Croma,34150.49
2022-02-01,WM-IND-004,Reliance Digital,33773.48
2022-02-01,WM-IND-004,CompeteX,33046.34
2022-03-01,WM-IND-004,Flipkart,30042.02
2022-03-01,WM-IND-004,Amazon,32698.7
2022-03-01,WM-IND-004,Croma,34635.17
2022-03-01,WM-IND-004,Reliance Digital,34463.09
2022-03-01,WM-IND-004,CompeteX,28758.77
2022-04-01,WM-IND-004,Flipkart,33358.73
2022-04-01,WM-IND-004,Amazon,34294.77
2022-04-01,WM-IND-004,Croma,34908.55
2022-04-01,WM-IND-004,Reliance Digital,34856.23
2022-04-01,WM-IND-004,CompeteX,32931.98
2022-05-01,WM-IND-004,Flipkart,32597.88
2022-05-01,WM-IND-004,Amazon,30697.48
2022-05-01,WM-IND-004,Croma,34960.03
2022-05-01,WM-IND-004,Reliance Digital,34441.23
2022-05-01,WM-IND-004,CompeteX,30632.31
2022-06-01,WM-IND-004,Flipkart,32732.65
2022-06-01,WM-IND-004,Amazon,34305.14
2022-06-01,WM-IND-004,Croma,36571.74
2022-06-01,WM-IND-004,Reliance Digital,33721.95
2022-06-01,WM-IND-004,CompeteX,29197.73
2022-07-01,WM-IND-004,Flipkart,33878.85
2022-07-01,WM-IND-004,Amazon,33864.61
2022-07-01,WM-IND-004,Croma,32876.04
2022-07-01,WM-IND-004,Reliance Digital,35890.73
2022-07-01,WM-IND-004,CompeteX,32689.25
2022-08-01,WM-IND-004,Flipkart,31728.53
2022-08-01,WM-IND-004,Amazon,32721.98
2022-08-01,WM-IND-004,Croma,34141.96
2022-08-01,WM-IND-004,Reliance Digital,31894.29
2022-08-01,WM-IND-004,CompeteX,30221.93
2022-09-01,WM-IND-004,Flipkart,33039.09
2022-09-01,WM-IND-004,Amazon,30014.97
2022-09-01,WM-IND-004,Croma,33839.7
2022-09-01,WM-IND-004,Reliance Digital,33478.91
2022-09-01,WM-IND-004,CompeteX,31154.96
2022-10-01,WM-IND-004,Flipkart,33578.98
2022-10-01,WM-IND-004,Amazon,31591.78
2022-10-01,WM-IND-004,Croma,33901.78
2022-10-01,WM-IND-004,Reliance Digital,35044.73
2022-10-01,WM-IND-004,CompeteX,30761.91
2022-11-01,WM-IND-004,Flipkart,30370.82
2022-11-01,WM-IND-004,Amazon,32081.34
2022-11-01,WM-IND-004,Croma,32950.77
2022-11-01,WM-IND-004,Reliance Digital,32455.52
2022-11-01,WM-IND-004,CompeteX,30974.87
2022-12-01,WM-IND-004,Flipkart,31267.49
2022-12-01,WM-IND-004,Amazon,34215.06
2022-12-01,WM-IND-004,Croma,33973.03
2022-12-01,WM-IND-004,Reliance Digital,34320.67
2022-12-01,WM-IND-004,CompeteX,31592.72
2023-01-01,WM-IND-004,Flipkart,30250.98
2023-01-01,WM-IND-004,Amazon,34018.21
2023-01-01,WM-IND-004,Croma,34087.06
2023-01-01,WM-IND-004,Reliance Digital,37127.13
2023-01-01,WM-IND-004,CompeteX,30216.37
2023-02-01,WM-IND-004,Flipkart,32157.77
2023-02-01,WM-IND-004,Amazon,31272.51
2023-02-01,WM-IND-004,Croma,37975.56
2023-02-01,WM-IND-004,Reliance Digital,34948.02
2023-02-01,WM-IND-004,CompeteX,32337.76
2023-03-01,WM-IND-004,Flipkart,30507.33
2023-03-01,WM-IND-004,Amazon,34428.61
2023-03-01,WM-IND-004,Croma,34238.4
2023-03-01,WM-IND-004,Reliance Digital,36827.88
2023-03-01,WM-IND-004,CompeteX,30484.57
2023-04-01,WM-IND-004,Flipkart,31094.34
2023-04-01,WM-IND-004,Amazon,31040.77
2023-04-01,WM-IND-004,Croma,35483.35
2023-04-01,WM-IND-004,Reliance Digital,35245.52
2023-04-01,WM-IND-004,CompeteX,29822.44
2023-05-01,WM-IND-004,Flipkart,33871.63
2023-05-01,WM-IND-004,Amazon,33019.78
2023-05-01,WM-IND-004,Croma,35731.82
2023-05-01,WM-IND-004,Reliance Digital,34656.29
2023-05-01,WM-IND-004,CompeteX,31413.54
2023-06-01,WM-IND-004,Flipkart,32846.42
2023-06-01,WM-IND-004,Amazon,31604.4
2023-06-01,WM-IND-004,Croma,34105.54
2023-06-01,WM-IND-004,Reliance Digital,36655.65
2023-06-01,WM-IND-004,CompeteX,34003.31
2023-07-01,WM-IND-004,Flipkart,31961.57
2023-07-01,WM-IND-004,Amazon,32152.91
2023-07-01,WM-IND-004,Croma,36299.83
2023-07-01,WM-IND-004,Reliance Digital,34504.2
2023-07-01,WM-IND-004,CompeteX,29630.95
2023-08-01,WM-IND-004,Flipkart,30930.34
2023-08-01,WM-IND-004,Amazon,34267.21
2023-08-01,WM-IND-004,Croma,36370.7
2023-08-01,WM-IND-004,Reliance Digital,32691.87
2023-08-01,WM-IND-004,CompeteX,30564.5
2023-09-01,WM-IND-004,Flipkart,31286.13
2023-09-01,WM-IND-004,Amazon,34057.88
2023-09-01,WM-IND-004,Croma,33335.2
2023-09-01,WM-IND-004,Reliance Digital,33057.59
2023-09-01,WM-IND-004,CompeteX,33309.04
2023-10-01,WM-IND-004,Flipkart,31036.67
2023-10-01,WM-IND-004,Amazon,33966.96
2023-10-01,WM-IND-004,Croma,34372.68
2023-10-01,WM-IND-004,Reliance Digital,33035.43
2023-10-01,WM-IND-004,CompeteX,30665.18
2023-11-01,WM-IND-004,Flipkart,33618.7
2023-11-01,WM-IND-004,Amazon,34930.73
2023-11-01,WM-IND-004,Croma,37184.15
2023-11-01,WM-IND-004,Reliance Digital,34449.35
2023-11-01,WM-IND-004,CompeteX,32683.0
2023-12-01,WM-IND-004,Flipkart,31162.23
2023-12-01,WM-IND-004,Amazon,32259.3
2023-12-01,WM-IND-004,Croma,37498.12
2023-12-01,WM-IND-004,Reliance Digital,32624.94
2023-12-01,WM-IND-004,CompeteX,29916.46
2024-01-01,WM-IND-004,Flipkart,32058.35
2024-01-01,WM-IND-004,Amazon,31870.36
2024-01-01,WM-IND-004,Croma,35068.39
2024-01-01,WM-IND-004,Reliance Digital,36331.91
2024-01-01,WM-IND-004,CompeteX,32403.5
2024-02-01,WM-IND-004,Flipkart,35402.29
2024-02-01,WM-IND-004,Amazon,35732.54
2024-02-01,WM-IND-004,Croma,35851.56
2024-02-01,WM-IND-004,Reliance Digital,34751.62
2024-02-01,WM-IND-004,CompeteX,32199.71
2024-03-01,WM-IND-004,Flipkart,33925.73
2024-03-01,WM-IND-004,Amazon,33049.81
2024-03-01,WM-IND-004,Croma,37230.24
2024-03-01,WM-IND-004,Reliance Digital,35484.04
2024-03-01,WM-IND-004,CompeteX,33041.36
2024-04-01,WM-IND-004,Flipkart,33172.89
2024-04-01,WM-IND-004,Amazon,33178.74
2024-04-01,WM-IND-004,Croma,38813.89
2024-04-01,WM-IND-004,Reliance Digital,37213.64
2024-04-01,WM-IND-004,CompeteX,31029.8
2024-05-01,WM-IND-004,Flipkart,35284.1
2024-05-01,WM-IND-004,Amazon,34121.02
2024-05-01,WM-IND-004,Croma,38550.68
2024-05-01,WM-IND-004,Reliance Digital,37390.65
2024-05-01,WM-IND-004,CompeteX,32422.0
2024-06-01,WM-IND-004,Flipkart,31152.92
2024-06-01,WM-IND-004,Amazon,33052.81
2024-06-01,WM-IND-004,Croma,36827.31
2024-06-01,WM-IND-004,Reliance Digital,36578.2
2024-06-01,WM-IND-004,CompeteX,31604.92
2024-07-01,WM-IND-004,Flipkart,31723.7
2024-07-01,WM-IND-004,Amazon,35817.93
2024-07-01,WM-IND-004,Croma,38989.43
2024-07-01,WM-IND-004,Reliance Digital,36051.85
2024-07-01,WM-IND-004,CompeteX,31183.94
2024-08-01,WM-IND-004,Flipkart,32372.93
2024-08-01,WM-IND-004,Amazon,31830.61
2024-08-01,WM-IND-004,Croma,38647.1
2024-08-01,WM-IND-004,Reliance Digital,34059.8
2024-08-01,WM-IND-004,CompeteX,33160.85
2024-09-01,WM-IND-004,Flipkart,32381.47
2024-09-01,WM-IND-004,Amazon,34446.96
2024-09-01,WM-IND-004,Croma,37363.42
2024-09-01,WM-IND-004,Reliance Digital,37536.6
2024-09-01,WM-IND-004,CompeteX,31353.6
2024-10-01,WM-IND-004,Flipkart,31096.89
2024-10-01,WM-IND-004,Amazon,32409.24
2024-10-01,WM-IND-004,Croma,38577.37
2024-10-01,WM-IND-004,Reliance Digital,37752.18
2024-10-01,WM-IND-004,CompeteX,33262.89
2024-11-01,WM-IND-004,Flipkart,33975.64
2024-11-01,WM-IND-004,Amazon,34988.31
2024-11-01,WM-IND-004,Croma,35038.77
2024-11-01,WM-IND-004,Reliance Digital,37950.06
2024-11-01,WM-IND-004,CompeteX,32390.54
2024-12-01,WM-IND-004,Flipkart,32914.14
2024-12-01,WM-IND-004,Amazon,34274.78
2024-12-01,WM-IND-004,Croma,34411.74
2024-12-01,WM-IND-004,Reliance Digital,34296.79
2024-12-01,WM-IND-004,CompeteX,33949.57
2021-01-01,AC-IND-005,Flipkart,34260.49
2021-01-01,AC-IND-005,Amazon,37788.77
2021-01-01,AC-IND-005,Croma,38545.26
2021-01-01,AC-IND-005,Reliance Digital,38551.05
2021-01-01,AC-IND-005,CompeteX,34595.85
2021-02-01,AC-IND-005,Flipkart,35712.18
2021-02-01,AC-IND-005,Amazon,38405.32
2021-02-01,AC-IND-005,Croma,38820.69
2021-02-01,AC-IND-005,Reliance Digital,39493.27
2021-02-01,AC-IND-005,CompeteX,35592.59
2021-03-01,AC-IND-005,Flipkart,37350.73
2021-03-01,AC-IND-005,Amazon,39563.93
2021-03-01,AC-IND-005,Croma,41137.28
2021-03-01,AC-IND-005,Reliance Digital,37623.48
2021-03-01,AC-IND-005,CompeteX,33225.89
2021-04-01,AC-IND-005,Flipkart,35215.24
2021-04-01,AC-IND-005,Amazon,37745.81
2021-04-01,AC-IND-005,Croma,37513.59
2021-04-01,AC-IND-005,Reliance Digital,39120.67
2021-04-01,AC-IND-005,CompeteX,36235.2
2021-05-01,AC-IND-005,Flipkart,35598.18
2021-05-01,AC-IND-005,Amazon,38681.25
2021-05-01,AC-IND-005,Croma,37807.1
2021-05-01,AC-IND-005,Reliance Digital,36879.73
2021-05-01,AC-IND-005,CompeteX,36933.96
2021-06-01,AC-IND-005,Flipkart,36456.01
2021-06-01,AC-IND-005,Amazon,38242.3
2021-06-01,AC-IND-005,Croma,39553.28
2021-06-01,AC-IND-005,Reliance Digital,37790.86
2021-06-01,AC-IND-005,CompeteX,37417.62
2021-07-01,AC-IND-005,Flipkart,38072.89
2021-07-01,AC-IND-005,Amazon,38275.79
2021-07-01,AC-IND-005,Croma,38687.81
2021-07-01,AC-IND-005,Reliance Digital,39620.03
2021-07-01,AC-IND-005,CompeteX,34980.38
2021-08-01,AC-IND-005,Flipkart,34307.22
2021-08-01,AC-IND-005,Amazon,39460.11
2021-08-01,AC-IND-005,Croma,37967.88
2021-08-01,AC-IND-005,Reliance Digital,41535.26
2021-08-01,AC-IND-005,CompeteX,35432.75
2021-09-01,AC-IND-005,Flipkart,34804.91
2021-09-01,AC-IND-005,Amazon,37462.91
2021-09-01,AC-IND-005,Croma,41884.07
2021-09-01,AC-IND-005,Reliance Digital,40375.44
2021-09-01,AC-IND-005,CompeteX,37350.91
2021-10-01,AC-IND-005,Flipkart,37324.73
2021-10-01,AC-IND-005,Amazon,38262.91
2021-10-01,AC-IND-005,Croma,41757.72
2021-10-01,AC-IND-005,Reliance Digital,37808.23
2021-10-01,AC-IND-005,CompeteX,35663.74
2021-11-01,AC-IND-005,Flipkart,34996.83
2021-11-01,AC-IND-005,Amazon,39834.39
2021-11-01,AC-IND-005,Croma,42262.4
2021-11-01,AC-IND-005,Reliance Digital,36689.75
2021-11-01,AC-IND-005,CompeteX,36813.66
2021-12-01,AC-IND-005,Flipkart,38742.32
2021-12-01,AC-IND-005,Amazon,35540.66
2021-12-01,AC-IND-005,Croma,40261.47
2021-12-01,AC-IND-005,Reliance Digital,41350.4
2021-12-01,AC-IND-005,CompeteX,33240.59
2022-01-01,AC-IND-005,Flipkart,38656.18
2022-01-01,AC-IND-005,Amazon,37246.75
2022-01-01,AC-IND-005,Croma,43422.52
2022-01-01,AC-IND-005,Reliance Digital,42895.41
2022-01-01,AC-IND-005,CompeteX,39226.0
2022-02-01,AC-IND-005,Flipkart,37433.1
2022-02-01,AC-IND-005,Amazon,40341.05
2022-02-01,AC-IND-005,Croma,42984.99
2022-02-01,AC-IND-005,Reliance Digital,39322.94
2022-02-01,AC-IND-005,CompeteX,38593.93
2022-03-01,AC-IND-005,Flipkart,35037.39
2022-03-01,AC-IND-005,Amazon,38884.72
2022-03-01,AC-IND-005,Croma,39617.56
2022-03-01,AC-IND-005,Reliance Digital,38235.06
2022-03-01,AC-IND-005,CompeteX,34473.47
2022-04-01,AC-IND-005,Flipkart,38649.98
2022-04-01,AC-IND-005,Amazon,37479.78
2022-04-01,AC-IND-005,Croma,42328.63
2022-04-01,AC-IND-005,Reliance Digital,37932.53
2022-04-01,AC-IND-005,CompeteX,35779.46
2022-05-01,AC-IND-005,Flipkart,37790.8
2022-05-01,AC-IND-005,Amazon,39950.25
2022-05-01,AC-IND-005,Croma,40103.84
2022-05-01,AC-IND-005,Reliance Digital,41004.03
2022-05-01,AC-IND-005,CompeteX,38906.6
2022-06-01,AC-IND-005,Flipkart,38209.28
2022-06-01,AC-IND-005,Amazon,36893.92
2022-06-01,AC-IND-005,Croma,38490.91
2022-06-01,AC-IND-005,Reliance Digital,42342.19
2022-06-01,AC-IND-005,CompeteX,34168.35
2022-07-01,AC-IND-005,Flipkart,39627.62
2022-07-01,AC-IND-005,Amazon,38515.76
2022-07-01,AC-IND-005,Croma,43502.92
2022-07-01,AC-IND-005,Reliance Digital,41951.41
2022-07-01,AC-IND-005,CompeteX,39520.08
2022-08-01,AC-IND-005,Flipkart,36756.36
2022-08-01,AC-IND-005,Amazon,39821.28
2022-08-01,AC-IND-005,Croma,40559.62
2022-08-01,AC-IND-005,Reliance Digital,40203.93
2022-08-01,AC-IND-005,CompeteX,37490.28
2022-09-01,AC-IND-005,Flipkart,39622.0
2022-09-01,AC-IND-005,Amazon,41009.78
2022-09-01,AC-IND-005,Croma,42567.03
2022-09-01,AC-IND-005,Reliance Digital,39863.59
2022-09-01,AC-IND-005,CompeteX,36360.67
2022-10-01,AC-IND-005,Flipkart,38876.26
2022-10-01,AC-IND-005,Amazon,36925.8
2022-10-01,AC-IND-005,Croma,38962.55
2022-10-01,AC-IND-005,Reliance Digital,39517.59
2022-10-01,AC-IND-005,CompeteX,35625.75
2022-11-01,AC-IND-005,Flipkart,36458.25
2022-11-01,AC-IND-005,Amazon,36897.48
2022-11-01,AC-IND-005,Croma,38587.85
2022-11-01,AC-IND-005,Reliance Digital,37672.34
2022-11-01,AC-IND-005,CompeteX,39464.12
2022-12-01,AC-IND-005,Flipkart,37178.63
2022-12-01,AC-IND-005,Amazon,37723.36
2022-12-01,AC-IND-005,Croma,42081.4
2022-12-01,AC-IND-005,Reliance Digital,38770.34
2022-12-01,AC-IND-005,CompeteX,39257.21
2023-01-01,AC-IND-005,Flipkart,40283.56
2023-01-01,AC-IND-005,Amazon,37159.01
2023-01-01,AC-IND-005,Croma,41829.22
2023-01-01,AC-IND-005,Reliance Digital,43626.32
2023-01-01,AC-IND-005,CompeteX,40371.13
2023-02-01,AC-IND-005,Flipkart,38484.97
2023-02-01,AC-IND-005,Amazon,40113.95
2023-02-01,AC-IND-005,Croma,40416.34
2023-02-01,AC-IND-005,Reliance Digital,44258.2
2023-02-01,AC-IND-005,CompeteX,36350.04
2023-03-01,AC-IND-005,Flipkart,41165.45
2023-03-01,AC-IND-005,Amazon,40318.29
2023-03-01,AC-IND-005,Croma,42901.55
2023-03-01,AC-IND-005,Reliance Digital,41559.95
2023-03-01,AC-IND-005,CompeteX,36344.39
2023-04-01,AC-IND-005,Flipkart,36844.68
2023-04-01,AC-IND-005,Amazon,37898.17
2023-04-01,AC-IND-005,Croma,40525.76
2023-04-01,AC-IND-005,Reliance Digital,43065.03
2023-04-01,AC-IND-005,CompeteX,37018.03
2023-05-01,AC-IND-005,Flipkart,36175.39
2023-05-01,AC-IND-005,Amazon,42119.76
2023-05-01,AC-IND-005,Croma,44458.25
2023-05-01,AC-IND-005,Reliance Digital,43900.58
2023-05-01,AC-IND-005,CompeteX,40654.08
2023-06-01,AC-IND-005,Flipkart,36829.83
2023-06-01,AC-IND-005,Amazon,38889.29
2023-06-01,AC-IND-005,Croma,43750.26
2023-06-01,AC-IND-005,Reliance Digital,42593.8
2023-06-01,AC-IND-005,CompeteX,35911.45
2023-07-01,AC-IND-005,Flipkart,40449.85
2023-07-01,AC-IND-005,Amazon,37920.47
2023-07-01,AC-IND-005,Croma,40736.55
2023-07-01,AC-IND-005,Reliance Digital,41696.91
2023-07-01,AC-IND-005,CompeteX,38387.31
2023-08-01,AC-IND-005,Flipkart,39120.42
2023-08-01,AC-IND-005,Amazon,37170.71
2023-08-01,AC-IND-005,Croma,44422.58
2023-08-01,AC-IND-005,Reliance Digital,40166.57
2023-08-01,AC-IND-005,CompeteX,35773.96
2023-09-01,AC-IND-005,Flipkart,40861.03
2023-09-01,AC-IND-005,Amazon,42043.91
2023-09-01,AC-IND-005,Croma,44336.11
2023-09-01,AC-IND-005,Reliance Digital,43233.82
2023-09-01,AC-IND-005,CompeteX,38738.64
2023-10-01,AC-IND-005,Flipkart,38955.59
2023-10-01,AC-IND-005,Amazon,37145.34
2023-10-01,AC-IND-005,Croma,41777.75
2023-10-01,AC-IND-005,Reliance Digital,40770.47
2023-10-01,AC-IND-005,CompeteX,36508.4
2023-11-01,AC-IND-005,Flipkart,39928.71
2023-11-01,AC-IND-005,Amazon,39451.14
2023-11-01,AC-IND-005,Croma,39931.44
2023-11-01,AC-IND-005,Reliance Digital,39910.46
2023-11-01,AC-IND-005,CompeteX,38896.63
2023-12-01,AC-IND-005,Flipkart,36278.52
2023-12-01,AC-IND-005,Amazon,41454.93
2023-12-01,AC-IND-005,Croma,42266.63
2023-12-01,AC-IND-005,Reliance Digital,41378.92
2023-12-01,AC-IND-005,CompeteX,38384.31
2024-01-01,AC-IND-005,Flipkart,41645.96
2024-01-01,AC-IND-005,Amazon,39709.08
2024-01-01,AC-IND-005,Croma,44523.28
2024-01-01,AC-IND-005,Reliance Digital,43043.77
2024-01-01,AC-IND-005,CompeteX,37583.84
2024-02-01,AC-IND-005,Flipkart,41958.8
2024-02-01,AC-IND-005,Amazon,42316.31
2024-02-01,AC-IND-005,Croma,44409.83
2024-02-01,AC-IND-005,Reliance Digital,44695.55
2024-02-01,AC-IND-005,CompeteX,41064.67
2024-03-01,AC-IND-005,Flipkart,40971.46
2024-03-01,AC-IND-005,Amazon,42545.87
2024-03-01,AC-IND-005,Croma,44636.1
2024-03-01,AC-IND-005,Reliance Digital,43707.2
2024-03-01,AC-IND-005,CompeteX,39622.6
2024-04-01,AC-IND-005,Flipkart,41228.65
2024-04-01,AC-IND-005,Amazon,38611.92
2024-04-01,AC-IND-005,Croma,45699.59
2024-04-01,AC-IND-005,Reliance Digital,44818.85
2024-04-01,AC-IND-005,CompeteX,36205.0
2024-05-01,AC-IND-005,Flipkart,41652.55
2024-05-01,AC-IND-005,Amazon,38439.49
2024-05-01,AC-IND-005,Croma,42534.89
2024-05-01,AC-IND-005,Reliance Digital,44074.66
2024-05-01,AC-IND-005,CompeteX,36967.61
2024-06-01,AC-IND-005,Flipkart,41607.03
2024-06-01,AC-IND-005,Amazon,42517.58
2024-06-01,AC-IND-005,Croma,43534.3
2024-06-01,AC-IND-005,Reliance Digital,39800.23
2024-06-01,AC-IND-005,CompeteX,37699.88
2024-07-01,AC-IND-005,Flipkart,40441.24
2024-07-01,AC-IND-005,Amazon,43381.9
2024-07-01,AC-IND-005,Croma,44255.36
2024-07-01,AC-IND-005,Reliance Digital,41269.75
2024-07-01,AC-IND-005,CompeteX,39711.87
2024-08-01,AC-IND-005,Flipkart,39995.07
2024-08-01,AC-IND-005,Amazon,42214.37
2024-08-01,AC-IND-005,Croma,41211.96
2024-08-01,AC-IND-005,Reliance Digital,44176.25
2024-08-01,AC-IND-005,CompeteX,39174.1
2024-09-01,AC-IND-005,Flipkart,42448.0
2024-09-01,AC-IND-005,Amazon,39674.65
2024-09-01,AC-IND-005,Croma,44260.05
2024-09-01,AC-IND-005,Reliance Digital,45167.84
2024-09-01,AC-IND-005,CompeteX,36629.83
2024-10-01,AC-IND-005,Flipkart,42298.6
2024-10-01,AC-IND-005,Amazon,41681.11
2024-10-01,AC-IND-005,Croma,40984.97
2024-10-01,AC-IND-005,Reliance Digital,41508.43
2024-10-01,AC-IND-005,CompeteX,40141.95
2024-11-01,AC-IND-005,Flipkart,37254.35
2024-11-01,AC-IND-005,Amazon,41068.09
2024-11-01,AC-IND-005,Croma,42597.31
2024-11-01,AC-IND-005,Reliance Digital,43363.76
2024-11-01,AC-IND-005,CompeteX,36300.65
2024-12-01,AC-IND-005,Flipkart,41917.67
2024-12-01,AC-IND-005,Amazon,43337.27
2024-12-01,AC-IND-005,Croma,46209.93
2024-12-01,AC-IND-005,Reliance Digital,44110.28
2024-12-01,AC-IND-005,CompeteX,36789.74
2021-01-01,HP-IND-006,Flipkart,12015.87
2021-01-01,HP-IND-006,Amazon,10847.21
2021-01-01,HP-IND-006,Croma,11682.48
2021-01-01,HP-IND-006,Reliance Digital,12021.33
2021-01-01,HP-IND-006,CompeteX,11258.19
2021-02-01,HP-IND-006,Flipkart,12039.18
2021-02-01,HP-IND-006,Amazon,12111.93
2021-02-01,HP-IND-006,Croma,12496.13
2021-02-01,HP-IND-006,Reliance Digital,11925.36
2021-02-01,HP-IND-006,CompeteX,12234.48
2021-03-01,HP-IND-006,Flipkart,11378.27
2021-03-01,HP-IND-006,Amazon,11666.66
2021-03-01,HP-IND-006,Croma,11954.16
2021-03-01,HP-IND-006,Reliance Digital,12926.03
2021-03-01,HP-IND-006,CompeteX,11651.87
2021-04-01,HP-IND-006,Flipkart,10983.88
2021-04-01,HP-IND-006,Amazon,10958.17
2021-04-01,HP-IND-006,Croma,12946.56
2021-04-01,HP-IND-006,Reliance Digital,12656.66
2021-04-01,HP-IND-006,CompeteX,10844.66
2021-05-01,HP-IND-006,Flipkart,12385.66
2021-05-01,HP-IND-006,Amazon,11090.03
2021-05-01,HP-IND-006,Croma,12470.08
2021-05-01,HP-IND-006,Reliance Digital,13211.74
2021-05-01,HP-IND-006,CompeteX,11125.88
2021-06-01,HP-IND-006,Flipkart,11785.97
2021-06-01,HP-IND-006,Amazon,11563.38
2021-06-01,HP-IND-006,Croma,12166.49
2021-06-01,HP-IND-006,Reliance Digital,13289.24
2021-06-01,HP-IND-006,CompeteX,11105.92
2021-07-01,HP-IND-006,Flipkart,12276.67
2021-07-01,HP-IND-006,Amazon,11241.51
2021-07-01,HP-IND-006,Croma,12049.16
2021-07-01,HP-IND-006,Reliance Digital,11459.78
2021-07-01,HP-IND-006,CompeteX,11571.2
2021-08-01,HP-IND-006,Flipkart,11267.57
2021-08-01,HP-IND-006,Amazon,12459.57
2021-08-01,HP-IND-006,Croma,12548.56
2021-08-01,HP-IND-006,Reliance Digital,13258.93
2021-08-01,HP-IND-006,CompeteX,10676.21
2021-09-01,HP-IND-006,Flipkart,12227.76
2021-09-01,HP-IND-006,Amazon,12291.07
2021-09-01,HP-IND-006,Croma,13120.17
2021-09-01,HP-IND-006,Reliance Digital,13021.98
2021-09-01,HP-IND-006,CompeteX,11781.17
2021-10-01,HP-IND-006,Flipkart,11762.34
2021-10-01,HP-IND-006,Amazon,11051.99
2021-10-01,HP-IND-006,Croma,11702.45
2021-10-01,HP-IND-006,Reliance Digital,13168.03
2021-10-01,HP-IND-006,CompeteX,11503.97
2021-11-01,HP-IND-006,Flipkart,12089.35
2021-11-01,HP-IND-006,Amazon,11724.52
2021-11-01,HP-IND-006,Croma,11865.23
2021-11-01,HP-IND-006,Reliance Digital,11640.36
2021-11-01,HP-IND-006,CompeteX,11636.29
2021-12-01,HP-IND-006,Flipkart,11386.19
2021-12-01,HP-IND-006,Amazon,11185.01
2021-12-01,HP-IND-006,Croma,12583.86
2021-12-01,HP-IND-006,Reliance Digital,11523.28
2021-12-01,HP-IND-006,CompeteX,11437.39
2022-01-01,HP-IND-006,Flipkart,11408.76
2022-01-01,HP-IND-006,Amazon,12701.25
2022-01-01,HP-IND-006,Croma,12602.97
2022-01-01,HP-IND-006,Reliance Digital,12642.24
2022-01-01,HP-IND-006,CompeteX,10652.58
2022-02-01,HP-IND-006,Flipkart,11020.07
2022-02-01,HP-IND-006,Amazon,11900.2
2022-02-01,HP-IND-006,Croma,12938.33
2022-02-01,HP-IND-006,Reliance Digital,12928.6
2022-02-01,HP-IND-006,CompeteX,11206.39
2022-03-01,HP-IND-006,Flipkart,12251.2
2022-03-01,HP-IND-006,Amazon,12824.98
2022-03-01,HP-IND-006,Croma,13531.43
2022-03-01,HP-IND-006,Reliance Digital,11820.35
2022-03-01,HP-IND-006,CompeteX,11579.85
2022-04-01,HP-IND-006,Flipkart,11084.31
2022-04-01,HP-IND-006,Amazon,11602.67
2022-04-01,HP-IND-006,Croma,13940.42
2022-04-01,HP-IND-006,Reliance Digital,12023.8
2022-04-01,HP-IND-006,CompeteX,11616.2
2022-05-01,HP-IND-006,Flipkart,12099.26
2022-05-01,HP-IND-006,Amazon,12513.19
2022-05-01,HP-IND-006,Croma,13095.96
2022-05-01,HP-IND-006,Reliance Digital,11761.32
2022-05-01,HP-IND-006,CompeteX,11275.21
2022-06-01,HP-IND-006,Flipkart,11900.63
2022-06-01,HP-IND-006,Amazon,11297.76
2022-06-01,HP-IND-006,Croma,12682.6
2022-06-01,HP-IND-006,Reliance Digital,11807.66
2022-06-01,HP-IND-006,CompeteX,10785.0
2022-07-01,HP-IND-006,Flipkart,11661.76
2022-07-01,HP-IND-006,Amazon,11386.46
2022-07-01,HP-IND-006,Croma,13111.57
2022-07-01,HP-IND-006,Reliance Digital,13105.49
2022-07-01,HP-IND-006,CompeteX,12212.84
2022-08-01,HP-IND-006,Flipkart,11272.62
2022-08-01,HP-IND-006,Amazon,11455.21
2022-08-01,HP-IND-006,Croma,12195.99
2022-08-01,HP-IND-006,Reliance Digital,13000.6
2022-08-01,HP-IND-006,CompeteX,12026.73
2022-09-01,HP-IND-006,Flipkart,10939.26
2022-09-01,HP-IND-006,Amazon,12975.45
2022-09-01,HP-IND-006,Croma,12091.98
2022-09-01,HP-IND-006,Reliance Digital,12812.47
2022-09-01,HP-IND-006,CompeteX,12031.84
2022-10-01,HP-IND-006,Flipkart,12599.23
2022-10-01,HP-IND-006,Amazon,12536.18
2022-10-01,HP-IND-006,Croma,13574.7
2022-10-01,HP-IND-006,Reliance Digital,12413.3
2022-10-01,HP-IND-006,CompeteX,12241.0
2022-11-01,HP-IND-006,Flipkart,11035.24
2022-11-01,HP-IND-006,Amazon,12893.59
2022-11-01,HP-IND-006,Croma,13072.12
2022-11-01,HP-IND-006,Reliance Digital,13358.29
2022-11-01,HP-IND-006,CompeteX,11524.1
2022-12-01,HP-IND-006,Flipkart,12149.54
2022-12-01,HP-IND-006,Amazon,12165.01
2022-12-01,HP-IND-006,Croma,13435.99
2022-12-01,HP-IND-006,Reliance Digital,11903.43
2022-12-01,HP-IND-006,CompeteX,10748.95
2023-01-01,HP-IND-006,Flipkart,11696.5
2023-01-01,HP-IND-006,Amazon,11772.71
2023-01-01,HP-IND-006,Croma,14112.65
2023-01-01,HP-IND-006,Reliance Digital,12530.14
2023-01-01,HP-IND-006,CompeteX,12925.28
2023-02-01,HP-IND-006,Flipkart,11879.25
2023-02-01,HP-IND-006,Amazon,11818.65
2023-02-01,HP-IND-006,Croma,13945.59
2023-02-01,HP-IND-006,Reliance Digital,13424.6
2023-02-01,HP-IND-006,CompeteX,11953.13
2023-03-01,HP-IND-006,Flipkart,12323.88
2023-03-01,HP-IND-006,Amazon,12911.72
2023-03-01,HP-IND-006,Croma,12803.35
2023-03-01,HP-IND-006,Reliance Digital,14111.74
2023-03-01,HP-IND-006,CompeteX,12923.1
2023-04-01,HP-IND-006,Flipkart,12517.14
2023-04-01,HP-IND-006,Amazon,11854.11
2023-04-01,HP-IND-006,Croma,13722.8
2023-04-01,HP-IND-006,Reliance Digital,12230.94
2023-04-01,HP-IND-006,CompeteX,11001.58
2023-05-01,HP-IND-006,Flipkart,11718.04
2023-05-01,HP-IND-006,Amazon,12389.53
2023-05-01,HP-IND-006,Croma,14105.51
2023-05-01,HP-IND-006,Reliance Digital,13563.93
2023-05-01,HP-IND-006,CompeteX,12450.76
2023-06-01,HP-IND-006,Flipkart,12059.56
2023-06-01,HP-IND-006,Amazon,12152.05
2023-06-01,HP-IND-006,Croma,13093.54
2023-06-01,HP-IND-006,Reliance Digital,14094.06
2023-06-01,HP-IND-006,CompeteX,11020.83
2023-07-01,HP-IND-006,Flipkart,12958.18
2023-07-01,HP-IND-006,Amazon,12625.72
2023-07-01,HP-IND-006,Croma,13231.07
2023-07-01,HP-IND-006,Reliance Digital,13560.04
2023-07-01,HP-IND-006,CompeteX,11929.67
2023-08-01,HP-IND-006,Flipkart,12971.19
2023-08-01,HP-IND-006,Amazon,13281.11
2023-08-01,HP-IND-006,Croma,13196.69
2023-08-01,HP-IND-006,Reliance Digital,12647.4
2023-08-01,HP-IND-006,CompeteX,12144.75
2023-09-01,HP-IND-006,Flipkart,13050.44
2023-09-01,HP-IND-006,Amazon,11876.74
2023-09-01,HP-IND-006,Croma,13606.26
2023-09-01,HP-IND-006,Reliance Digital,13369.35
2023-09-01,HP-IND-006,CompeteX,12431.23
2023-10-01,HP-IND-006,Flipkart,11461.37
2023-10-01,HP-IND-006,Amazon,12904.85
2023-10-01,HP-IND-006,Croma,14188.46
2023-10-01,HP-IND-006,Reliance Digital,12449.69
2023-10-01,HP-IND-006,CompeteX,11422.65
2023-11-01,HP-IND-006,Flipkart,13170.58
2023-11-01,HP-IND-006,Amazon,11816.32
2023-11-01,HP-IND-006,Croma,14077.24
2023-11-01,HP-IND-006,Reliance Digital,13085.88
2023-11-01,HP-IND-006,CompeteX,11442.36
2023-12-01,HP-IND-006,Flipkart,12965.75
2023-12-01,HP-IND-006,Amazon,12354.29
2023-12-01,HP-IND-006,Croma,13386.16
2023-12-01,HP-IND-006,Reliance Digital,12815.11
2023-12-01,HP-IND-006,CompeteX,12145.97
2024-01-01,HP-IND-006,Flipkart,11852.62
2024-01-01,HP-IND-006,Amazon,12590.46
2024-01-01,HP-IND-006,Croma,14716.39
2024-01-01,HP-IND-006,Reliance Digital,12966.22
2024-01-01,HP-IND-006,CompeteX,12623.22
2024-02-01,HP-IND-006,Flipkart,12190.96
2024-02-01,HP-IND-006,Amazon,13390.72
2024-02-01,HP-IND-006,Croma,12961.49
2024-02-01,HP-IND-006,Reliance Digital,14455.64
2024-02-01,HP-IND-006,CompeteX,12198.49
2024-03-01,HP-IND-006,Flipkart,12004.41
2024-03-01,HP-IND-006,Amazon,11925.81
2024-03-01,HP-IND-006,Croma,13042.87
2024-03-01,HP-IND-006,Reliance Digital,13513.78
2024-03-01,HP-IND-006,CompeteX,11954.08
2024-04-01,HP-IND-006,Flipkart,13245.09
2024-04-01,HP-IND-006,Amazon,12673.76
2024-04-01,HP-IND-006,Croma,13208.11
2024-04-01,HP-IND-006,Reliance Digital,13717.56
2024-04-01,HP-IND-006,CompeteX,12727.94
2024-05-01,HP-IND-006,Flipkart,11859.99
2024-05-01,HP-IND-006,Amazon,12122.79
2024-05-01,HP-IND-006,Croma,12764.35
2024-05-01,HP-IND-006,Reliance Digital,13967.14
2024-05-01,HP-IND-006,CompeteX,12638.01
2024-06-01,HP-IND-006,Flipkart,12503.71
2024-06-01,HP-IND-006,Amazon,13538.68
2024-06-01,HP-IND-006,Croma,14373.71
2024-06-01,HP-IND-006,Reliance Digital,13651.03
2024-06-01,HP-IND-006,CompeteX,13065.92
2024-07-01,HP-IND-006,Flipkart,11941.18
2024-07-01,HP-IND-006,Amazon,12006.23
2024-07-01,HP-IND-006,Croma,13252.13
2024-07-01,HP-IND-006,Reliance Digital,12545.47
2024-07-01,HP-IND-006,CompeteX,12360.43
2024-08-01,HP-IND-006,Flipkart,13470.53
2024-08-01,HP-IND-006,Amazon,11854.34
2024-08-01,HP-IND-006,Croma,12943.15
2024-08-01,HP-IND-006,Reliance Digital,13372.36
2024-08-01,HP-IND-006,CompeteX,13203.21
2024-09-01,HP-IND-006,Flipkart,12172.05
2024-09-01,HP-IND-006,Amazon,12833.54
2024-09-01,HP-IND-006,Croma,12774.6
2024-09-01,HP-IND-006,Reliance Digital,12736.45
2024-09-01,HP-IND-006,CompeteX,13313.62
2024-10-01,HP-IND-006,Flipkart,13530.2
2024-10-01,HP-IND-006,Amazon,11782.34
2024-10-01,HP-IND-006,Croma,14679.55
2024-10-01,HP-IND-006,Reliance Digital,13763.55
2024-10-01,HP-IND-006,CompeteX,13065.18
2024-11-01,HP-IND-006,Flipkart,12462.08
2024-11-01,HP-IND-006,Amazon,12851.04
2024-11-01,HP-IND-006,Croma,13710.66
2024-11-01,HP-IND-006,Reliance Digital,13821.61
2024-11-01,HP-IND-006,CompeteX,11541.06
2024-12-01,HP-IND-006,Flipkart,11573.13
2024-12-01,HP-IND-006,Amazon,12416.44
2024-12-01,HP-IND-006,Croma,14162.36
2024-12-01,HP-IND-006,Reliance Digital,12848.44
2024-12-01,HP-IND-006,CompeteX,12658.16
2021-01-01,TB-IND-007,Flipkart,18464.18
2021-01-01,TB-IND-007,Amazon,16616.63
2021-01-01,TB-IND-007,Croma,19334.96
2021-01-01,TB-IND-007,Reliance Digital,18398.25
2021-01-01,TB-IND-007,CompeteX,17847.72
2021-02-01,TB-IND-007,Flipkart,16466.42
2021-02-01,TB-IND-007,Amazon,18125.42
2021-02-01,TB-IND-007,Croma,19752.05
2021-02-01,TB-IND-007,Reliance Digital,19660.43
2021-02-01,TB-IND-007,CompeteX,17381.79
2021-03-01,TB-IND-007,Flipkart,17272.88
2021-03-01,TB-IND-007,Amazon,17936.98
2021-03-01,TB-IND-007,Croma,19829.64
2021-03-01,TB-IND-007,Reliance Digital,18717.94
2021-03-01,TB-IND-007,CompeteX,15736.58
2021-04-01,TB-IND-007,Flipkart,18365.99
2021-04-01,TB-IND-007,Amazon,18117.61
2021-04-01,TB-IND-007,Croma,19344.81
2021-04-01,TB-IND-007,Reliance Digital,17823.5
2021-04-01,TB-IND-007,CompeteX,17320.39
2021-05-01,TB-IND-007,Flipkart,17012.54
2021-05-01,TB-IND-007,Amazon,18021.11
2021-05-01,TB-IND-007,Croma,17908.61
2021-05-01,TB-IND-007,Reliance Digital,18937.77
2021-05-01,TB-IND-007,CompeteX,18178.52
2021-06-01,TB-IND-007,Flipkart,16141.49
2021-06-01,TB-IND-007,Amazon,18842.48
2021-06-01,TB-IND-007,Croma,18665.41
2021-06-01,TB-IND-007,Reliance Digital,19474.3
2021-06-01,TB-IND-007,CompeteX,17631.61
2021-07-01,TB-IND-007,Flipkart,17448.88
2021-07-01,TB-IND-007,Amazon,18240.89
2021-07-01,TB-IND-007,Croma,19853.86
2021-07-01,TB-IND-007,Reliance Digital,18298.43
2021-07-01,TB-IND-007,CompeteX,16484.12
2021-08-01,TB-IND-007,Flipkart,17702.34
2021-08-01,TB-IND-007,Amazon,18415.77
2021-08-01,TB-IND-007,Croma,19560.96
2021-08-01,TB-IND-007,Reliance Digital,19290.49
2021-08-01,TB-IND-007,CompeteX,16757.67
2021-09-01,TB-IND-007,Flipkart,18080.94
2021-09-01,TB-IND-007,Amazon,16682.93
2021-09-01,TB-IND-007,Croma,19012.11
2021-09-01,TB-IND-007,Reliance Digital,17294.51
2021-09-01,TB-IND-007,CompeteX,16477.96
2021-10-01,TB-IND-007,Flipkart,16943.48
2021-10-01,TB-IND-007,Amazon,17378.36
2021-10-01,TB-IND-007,Croma,19392.58
2021-10-01,TB-IND-007,Reliance Digital,18259.17
2021-10-01,TB-IND-007,CompeteX,16790.71
2021-11-01,TB-IND-007,Flipkart,16618.61
2021-11-01,TB-IND-007,Amazon,17320.59
2021-11-01,TB-IND-007,Croma,18212.72
2021-11-01,TB-IND-007,Reliance Digital,17464.45
2021-11-01,TB-IND-007,CompeteX,17180.69
2021-12-01,TB-IND-007,Flipkart,17703.9
2021-12-01,TB-IND-007,Amazon,17941.12
2021-12-01,TB-IND-007,Croma,18808.0
2021-12-01,TB-IND-007,Reliance Digital,18237.06
2021-12-01,TB-IND-007,CompeteX,17835.6
2022-01-01,TB-IND-007,Flipkart,17847.93
2022-01-01,TB-IND-007,Amazon,18115.16
2022-01-01,TB-IND-007,Croma,18235.76
2022-01-01,TB-IND-007,Reliance Digital,18684.14
2022-01-01,TB-IND-007,CompeteX,17116.64
2022-02-01,TB-IND-007,Flipkart,17535.78
2022-02-01,TB-IND-007,Amazon,18377.3
2022-02-01,TB-IND-007,Croma,19554.22
2022-02-01,TB-IND-007,Reliance Digital,19376.28
2022-02-01,TB-IND-007,CompeteX,18115.13
2022-03-01,TB-IND-007,Flipkart,18610.79
2022-03-01,TB-IND-007,Amazon,18735.36
2022-03-01,TB-IND-007,Croma,20649.36
2022-03-01,TB-IND-007,Reliance Digital,17845.72
2022-03-01,TB-IND-007,CompeteX,16637.96
2022-04-01,TB-IND-007,Flipkart,16520.23
2022-04-01,TB-IND-007,Amazon,18551.99
2022-04-01,TB-IND-007,Croma,20500.13
2022-04-01,TB-IND-007,Reliance Digital,18430.38
2022-04-01,TB-IND-007,CompeteX,18536.01
2022-05-01,TB-IND-007,Flipkart,16657.03
2022-05-01,TB-IND-007,Amazon,19296.82
2022-05-01,TB-IND-007,Croma,19081.87
2022-05-01,TB-IND-007,Reliance Digital,18061.65
2022-05-01,TB-IND-007,CompeteX,17390.93
2022-06-01,TB-IND-007,Flipkart,17167.09
2022-06-01,TB-IND-007,Amazon,17610.82
2022-06-01,TB-IND-007,Croma,18966.8
2022-06-01,TB-IND-007,Reliance Digital,19882.73
2022-06-01,TB-IND-007,CompeteX,17529.25
2022-07-01,TB-IND-007,Flipkart,17308.63
2022-07-01,TB-IND-007,Amazon,18455.58
2022-07-01,TB-IND-007,Croma,20028.04
2022-07-01,TB-IND-007,Reliance Digital,18506.02
2022-07-01,TB-IND-007,CompeteX,17203.21
2022-08-01,TB-IND-007,Flipkart,16816.97
2022-08-01,TB-IND-007,Amazon,17341.59
2022-08-01,TB-IND-007,Croma,19937.11
2022-08-01,TB-IND-007,Reliance Digital,18269.34
2022-08-01,TB-IND-007,CompeteX,17492.91
2022-09-01,TB-IND-007,Flipkart,18341.0
2022-09-01,TB-IND-007,Amazon,17148.81
2022-09-01,TB-IND-007,Croma,19641.72
2022-09-01,TB-IND-007,Reliance Digital,18464.33
2022-09-01,TB-IND-007,CompeteX,18629.17
2022-10-01,TB-IND-007,Flipkart,17755.69
2022-10-01,TB-IND-007,Amazon,18963.43
2022-10-01,TB-IND-007,Croma,19597.37
2022-10-01,TB-IND-007,Reliance Digital,17911.08
2022-10-01,TB-IND-007,CompeteX,17773.21
2022-11-01,TB-IND-007,Flipkart,18970.06
2022-11-01,TB-IND-007,Amazon,18432.94
2022-11-01,TB-IND-007,Croma,20295.49
2022-11-01,TB-IND-007,Reliance Digital,20093.45
2022-11-01,TB-IND-007,CompeteX,16721.8
2022-12-01,TB-IND-007,Flipkart,17050.98
2022-12-01,TB-IND-007,Amazon,18457.26
2022-12-01,TB-IND-007,Croma,19236.07
2022-12-01,TB-IND-007,Reliance Digital,19978.34
2022-12-01,TB-IND-007,CompeteX,18465.9
2023-01-01,TB-IND-007,Flipkart,17925.26
2023-01-01,TB-IND-007,Amazon,17995.53
2023-01-01,TB-IND-007,Croma,20783.34
2023-01-01,TB-IND-007,Reliance Digital,19050.86
2023-01-01,TB-IND-007,CompeteX,18796.97
2023-02-01,TB-IND-007,Flipkart,18113.09
2023-02-01,TB-IND-007,Amazon,19145.96
2023-02-01,TB-IND-007,Croma,18953.59
2023-02-01,TB-IND-007,Reliance Digital,19983.25
2023-02-01,TB-IND-007,CompeteX,17806.36
2023-03-01,TB-IND-007,Flipkart,18548.15
2023-03-01,TB-IND-007,Amazon,17811.6
2023-03-01,TB-IND-007,Croma,20666.74
2023-03-01,TB-IND-007,Reliance Digital,20621.5
2023-03-01,TB-IND-007,CompeteX,17178.56
2023-04-01,TB-IND-007,Flipkart,17236.87
2023-04-01,TB-IND-007,Amazon,17425.94
2023-04-01,TB-IND-007,Croma,20413.23
2023-04-01,TB-IND-007,Reliance Digital,19938.47
2023-04-01,TB-IND-007,CompeteX,18059.94
2023-05-01,TB-IND-007,Flipkart,17600.78
2023-05-01,TB-IND-007,Amazon,18406.99
2023-05-01,TB-IND-007,Croma,20286.37
2023-05-01,TB-IND-007,Reliance Digital,19643.76
2023-05-01,TB-IND-007,CompeteX,19238.17
2023-06-01,TB-IND-007,Flipkart,17345.66
2023-06-01,TB-IND-007,Amazon,19219.67
2023-06-01,TB-IND-007,Croma,19778.42
2023-06-01,TB-IND-007,Reliance Digital,19460.61
2023-06-01,TB-IND-007,CompeteX,18516.45
2023-07-01,TB-IND-007,Flipkart,18830.84
2023-07-01,TB-IND-007,Amazon,20010.64
2023-07-01,TB-IND-007,Croma,19041.37
2023-07-01,TB-IND-007,Reliance Digital,18594.9
2023-07-01,TB-IND-007,CompeteX,18534.45
2023-08-01,TB-IND-007,Flipkart,18526.19
2023-08-01,TB-IND-007,Amazon,18095.14
2023-08-01,TB-IND-007,Croma,18910.55
2023-08-01,TB-IND-007,Reliance Digital,18545.61
2023-08-01,TB-IND-007,CompeteX,18988.16
2023-09-01,TB-IND-007,Flipkart,17493.72
2023-09-01,TB-IND-007,Amazon,18226.59
2023-09-01,TB-IND-007,Croma,19303.84
2023-09-01,TB-IND-007,Reliance Digital,19265.07
2023-09-01,TB-IND-007,CompeteX,16785.04
2023-10-01,TB-IND-007,Flipkart,18367.71
2023-10-01,TB-IND-007,Amazon,17543.41
2023-10-01,TB-IND-007,Croma,20836.31
2023-10-01,TB-IND-007,Reliance Digital,18941.09
2023-10-01,TB-IND-007,CompeteX,18042.08
2023-11-01,TB-IND-007,Flipkart,19332.07
2023-11-01,TB-IND-007,Amazon,19101.42
2023-11-01,TB-IND-007,Croma,20122.04
2023-11-01,TB-IND-007,Reliance Digital,19183.16
2023-11-01,TB-IND-007,CompeteX,17489.11
2023-12-01,TB-IND-007,Flipkart,18769.53
2023-12-01,TB-IND-007,Amazon,20018.35
2023-12-01,TB-IND-007,Croma,20466.3
2023-12-01,TB-IND-007,Reliance Digital,19806.75
2023-12-01,TB-IND-007,CompeteX,18551.31
2024-01-01,TB-IND-007,Flipkart,18739.63
2024-01-01,TB-IND-007,Amazon,18019.4
2024-01-01,TB-IND-007,Croma,20772.12
2024-01-01,TB-IND-007,Reliance Digital,21465.61
2024-01-01,TB-IND-007,CompeteX,17550.92
2024-02-01,TB-IND-007,Flipkart,19357.11
2024-02-01,TB-IND-007,Amazon,18406.12
2024-02-01,TB-IND-007,Croma,20699.41
2024-02-01,TB-IND-007,Reliance Digital,19100.75
2024-02-01,TB-IND-007,CompeteX,18306.48
2024-03-01,TB-IND-007,Flipkart,19538.83
2024-03-01,TB-IND-007,Amazon,18808.91
2024-03-01,TB-IND-007,Croma,21053.98
2024-03-01,TB-IND-007,Reliance Digital,21020.14
2024-03-01,TB-IND-007,CompeteX,19616.17
2024-04-01,TB-IND-007,Flipkart,18106.31
2024-04-01,TB-IND-007,Amazon,18951.04
2024-04-01,TB-IND-007,Croma,19646.26
2024-04-01,TB-IND-007,Reliance Digital,21561.35
2024-04-01,TB-IND-007,CompeteX,19615.69
2024-05-01,TB-IND-007,Flipkart,18944.95
2024-05-01,TB-IND-007,Amazon,20167.1
2024-05-01,TB-IND-007,Croma,20658.57
2024-05-01,TB-IND-007,Reliance Digital,20548.07
2024-05-01,TB-IND-007,CompeteX,17314.21
2024-06-01,TB-IND-007,Flipkart,19536.38
2024-06-01,TB-IND-007,Amazon,18205.0
2024-06-01,TB-IND-007,Croma,21496.64
2024-06-01,TB-IND-007,Reliance Digital,20983.27
2024-06-01,TB-IND-007,CompeteX,19016.18
2024-07-01,TB-IND-007,Flipkart,17561.13
2024-07-01,TB-IND-007,Amazon,18686.83
2024-07-01,TB-IND-007,Croma,19950.32
2024-07-01,TB-IND-007,Reliance Digital,19824.42
2024-07-01,TB-IND-007,CompeteX,17310.14
2024-08-01,TB-IND-007,Flipkart,20035.44
2024-08-01,TB-IND-007,Amazon,19375.38
2024-08-01,TB-IND-007,Croma,20066.81
2024-08-01,TB-IND-007,Reliance Digital,19925.63
2024-08-01,TB-IND-007,CompeteX,18297.78
2024-09-01,TB-IND-007,Flipkart,19111.51
2024-09-01,TB-IND-007,Amazon,19270.67
2024-09-01,TB-IND-007,Croma,21752.99
2024-09-01,TB-IND-007,Reliance Digital,20200.26
2024-09-01,TB-IND-007,CompeteX,19794.66
2024-10-01,TB-IND-007,Flipkart,19800.49
2024-10-01,TB-IND-007,Amazon,18426.94
2024-10-01,TB-IND-007,Croma,21783.76
2024-10-01,TB-IND-007,Reliance Digital,19154.84
2024-10-01,TB-IND-007,CompeteX,19314.77
2024-11-01,TB-IND-007,Flipkart,18507.3
2024-11-01,TB-IND-007,Amazon,20265.82
2024-11-01,TB-IND-007,Croma,21611.98
2024-11-01,TB-IND-007,Reliance Digital,21048.92
2024-11-01,TB-IND-007,CompeteX,19239.46
2024-12-01,TB-IND-007,Flipkart,18298.69
2024-12-01,TB-IND-007,Amazon,18076.47
2024-12-01,TB-IND-007,Croma,20334.51
2024-12-01,TB-IND-007,Reliance Digital,19311.84
2024-12-01,TB-IND-007,CompeteX,18978.29
2021-01-01,RF-IND-008,Flipkart,26276.71
2021-01-01,RF-IND-008,Amazon,29304.39
2021-01-01,RF-IND-008,Croma,29952.61
2021-01-01,RF-IND-008,Reliance Digital,30104.12
2021-01-01,RF-IND-008,CompeteX,24879.5
2021-02-01,RF-IND-008,Flipkart,28299.1
2021-02-01,RF-IND-008,Amazon,29097.21
2021-02-01,RF-IND-008,Croma,29349.28
2021-02-01,RF-IND-008,Reliance Digital,29256.51
2021-02-01,RF-IND-008,CompeteX,27358.05
2021-03-01,RF-IND-008,Flipkart,25605.37
2021-03-01,RF-IND-008,Amazon,27450.06
2021-03-01,RF-IND-008,Croma,29002.76
2021-03-01,RF-IND-008,Reliance Digital,27453.79
2021-03-01,RF-IND-008,CompeteX,25800.73
2021-04-01,RF-IND-008,Flipkart,25187.24
2021-04-01,RF-IND-008,Amazon,25581.18
2021-04-01,RF-IND-008,Croma,27969.85
2021-04-01,RF-IND-008,Reliance Digital,30655.41
2021-04-01,RF-IND-008,CompeteX,26514.16
2021-05-01,RF-IND-008,Flipkart,28706.02
2021-05-01,RF-IND-008,Amazon,27175.39
2021-05-01,RF-IND-008,Croma,28662.32
2021-05-01,RF-IND-008,Reliance Digital,28864.08
2021-05-01,RF-IND-008,CompeteX,26082.89
2021-06-01,RF-IND-008,Flipkart,25334.21
2021-06-01,RF-IND-008,Amazon,27992.04
2021-06-01,RF-IND-008,Croma,28286.87
2021-06-01,RF-IND-008,Reliance Digital,29308.78
2021-06-01,RF-IND-008,CompeteX,26908.79
2021-07-01,RF-IND-008,Flipkart,25515.94
2021-07-01,RF-IND-008,Amazon,25720.49
2021-07-01,RF-IND-008,Croma,30500.59
2021-07-01,RF-IND-008,Reliance Digital,28682.42
2021-07-01,RF-IND-008,CompeteX,24588.0
2021-08-01,RF-IND-008,Flipkart,28819.88
2021-08-01,RF-IND-008,Amazon,25706.5
2021-08-01,RF-IND-008,Croma,30164.54
2021-08-01,RF-IND-008,Reliance Digital,30736.02
2021-08-01,RF-IND-008,CompeteX,25297.59
2021-09-01,RF-IND-008,Flipkart,25477.62
2021-09-01,RF-IND-008,Amazon,25955.83
2021-09-01,RF-IND-008,Croma,28628.84
2021-09-01,RF-IND-008,Reliance Digital,27276.1
2021-09-01,RF-IND-008,CompeteX,27073.27
2021-10-01,RF-IND-008,Flipkart,25164.18
2021-10-01,RF-IND-008,Amazon,27476.93
2021-10-01,RF-IND-008,Croma,31347.05
2021-10-01,RF-IND-008,Reliance Digital,30070.76
2021-10-01,RF-IND-008,CompeteX,26771.66
2021-11-01,RF-IND-008,Flipkart,26120.51
2021-11-01,RF-IND-008,Amazon,27925.67
2021-11-01,RF-IND-008,Croma,29506.0
2021-11-01,RF-IND-008,Reliance Digital,28550.25
2021-11-01,RF-IND-008,CompeteX,24872.38
2021-12-01,RF-IND-008,Flipkart,28395.49
2021-12-01,RF-IND-008,Amazon,27243.16
2021-12-01,RF-IND-008,Croma,28202.92
2021-12-01,RF-IND-008,Reliance Digital,28321.62
2021-12-01,RF-IND-008,CompeteX,25983.39
2022-01-01,RF-IND-008,Flipkart,29008.87
2022-01-01,RF-IND-008,Amazon,29206.44
2022-01-01,RF-IND-008,Croma,31369.35
2022-01-01,RF-IND-008,Reliance Digital,27730.94
2022-01-01,RF-IND-008,CompeteX,26771.06
2022-02-01,RF-IND-008,Flipkart,27611.08
2022-02-01,RF-IND-008,Amazon,26321.89
2022-02-01,RF-IND-008,Croma,29312.22
2022-02-01,RF-IND-008,Reliance Digital,30756.15
2022-02-01,RF-IND-008,CompeteX,25644.39
2022-03-01,RF-IND-008,Flipkart,27828.97
2022-03-01,RF-IND-008,Amazon,27113.3
2022-03-01,RF-IND-008,Croma,28312.14
2022-03-01,RF-IND-008,Reliance Digital,28660.28
2022-03-01,RF-IND-008,CompeteX,29030.99
2022-04-01,RF-IND-008,Flipkart,28903.89
2022-04-01,RF-IND-008,Amazon,30118.79
2022-04-01,RF-IND-008,Croma,30232.96
2022-04-01,RF-IND-008,Reliance Digital,28129.47
2022-04-01,RF-IND-008,CompeteX,27303.24
2022-05-01,RF-IND-008,Flipkart,27502.19
2022-05-01,RF-IND-008,Amazon,29653.58
2022-05-01,RF-IND-008,Croma,28659.22
2022-05-01,RF-IND-008,Reliance Digital,29657.72
2022-05-01,RF-IND-008,CompeteX,25696.64
2022-06-01,RF-IND-008,Flipkart,26978.51
2022-06-01,RF-IND-008,Amazon,29221.55
2022-06-01,RF-IND-008,Croma,30185.17
2022-06-01,RF-IND-008,Reliance Digital,29204.09
2022-06-01,RF-IND-008,CompeteX,26683.54
2022-07-01,RF-IND-008,Flipkart,27522.66
2022-07-01,RF-IND-008,Amazon,29413.98
2022-07-01,RF-IND-008,Croma,31865.08
2022-07-01,RF-IND-008,Reliance Digital,31543.66
2022-07-01,RF-IND-008,CompeteX,28268.0
2022-08-01,RF-IND-008,Flipkart,26941.09
2022-08-01,RF-IND-008,Amazon,29022.81
2022-08-01,RF-IND-008,Croma,30030.07
2022-08-01,RF-IND-008,Reliance Digital,28714.66
2022-08-01,RF-IND-008,CompeteX,28485.9
2022-09-01,RF-IND-008,Flipkart,25822.75
2022-09-01,RF-IND-008,Amazon,29885.35
2022-09-01,RF-IND-008,Croma,30126.46
2022-09-01,RF-IND-008,Reliance Digital,30259.16
2022-09-01,RF-IND-008,CompeteX,27753.01
2022-10-01,RF-IND-008,Flipkart,29281.73
2022-10-01,RF-IND-008,Amazon,28815.02
2022-10-01,RF-IND-008,Croma,30742.02
2022-10-01,RF-IND-008,Reliance Digital,27955.51
2022-10-01,RF-IND-008,CompeteX,27183.92
2022-11-01,RF-IND-008,Flipkart,26273.92
2022-11-01,RF-IND-008,Amazon,29221.86
2022-11-01,RF-IND-008,Croma,30331.35
2022-11-01,RF-IND-008,Reliance Digital,30432.89
2022-11-01,RF-IND-008,CompeteX,25259.06
2022-12-01,RF-IND-008,Flipkart,26009.96
2022-12-01,RF-IND-008,Amazon,29136.63
2022-12-01,RF-IND-008,Croma,28554.25
2022-12-01,RF-IND-008,Reliance Digital,27974.11
2022-12-01,RF-IND-008,CompeteX,25139.69
2023-01-01,RF-IND-008,Flipkart,30389.65
2023-01-01,RF-IND-008,Amazon,30073.29
2023-01-01,RF-IND-008,Croma,30554.23
2023-01-01,RF-IND-008,Reliance Digital,29724.96
2023-01-01,RF-IND-008,CompeteX,27274.69
2023-02-01,RF-IND-008,Flipkart,29634.04
2023-02-01,RF-IND-008,Amazon,29756.93
2023-02-01,RF-IND-008,Croma,29855.92
2023-02-01,RF-IND-008,Reliance Digital,29216.26
2023-02-01,RF-IND-008,CompeteX,26230.45
2023-03-01,RF-IND-008,Flipkart,29158.89
2023-03-01,RF-IND-008,Amazon,30184.92
2023-03-01,RF-IND-008,Croma,30187.72
2023-03-01,RF-IND-008,Reliance Digital,28579.83
2023-03-01,RF-IND-008,CompeteX,26163.04
2023-04-01,RF-IND-008,Flipkart,30436.85
2023-04-01,RF-IND-008,Amazon,28236.43
2023-04-01,RF-IND-008,Croma,32282.68
2023-04-01,RF-IND-008,Reliance Digital,31088.4
2023-04-01,RF-IND-008,CompeteX,27408.64
2023-05-01,RF-IND-008,Flipkart,27269.87
2023-05-01,RF-IND-008,Amazon,27513.18
2023-05-01,RF-IND-008,Croma,31641.9
2023-05-01,RF-IND-008,Reliance Digital,31711.56
2023-05-01,RF-IND-008,CompeteX,28497.15
2023-06-01,RF-IND-008,Flipkart,28618.71
2023-06-01,RF-IND-008,Amazon,27183.12
2023-06-01,RF-IND-008,Croma,33110.66
2023-06-01,RF-IND-008,Reliance Digital,31811.62
2023-06-01,RF-IND-008,CompeteX,27038.33
2023-07-01,RF-IND-008,Flipkart,30487.17
2023-07-01,RF-IND-008,Amazon,29509.74
2023-07-01,RF-IND-008,Croma,31506.48
2023-07-01,RF-IND-008,Reliance Digital,31601.19
2023-07-01,RF-IND-008,CompeteX,29194.67
2023-08-01,RF-IND-008,Flipkart,29143.0
2023-08-01,RF-IND-008,Amazon,27541.06
2023-08-01,RF-IND-008,Croma,30491.97
2023-08-01,RF-IND-008,Reliance Digital,32349.17
2023-08-01,RF-IND-008,CompeteX,26754.92
2023-09-01,RF-IND-008,Flipkart,27961.63
2023-09-01,RF-IND-008,Amazon,28804.17
2023-09-01,RF-IND-008,Croma,30912.22
2023-09-01,RF-IND-008,Reliance Digital,31039.69
2023-09-01,RF-IND-008,CompeteX,29740.27
2023-10-01,RF-IND-008,Flipkart,27415.33
2023-10-01,RF-IND-008,Amazon,27513.66
2023-10-01,RF-IND-008,Croma,29906.93
2023-10-01,RF-IND-008,Reliance Digital,32178.15
2023-10-01,RF-IND-008,CompeteX,28505.07
2023-11-01,RF-IND-008,Flipkart,27603.2
2023-11-01,RF-IND-008,Amazon,30399.22
2023-11-01,RF-IND-008,Croma,32665.56
2023-11-01,RF-IND-008,Reliance Digital,32010.24
2023-11-01,RF-IND-008,CompeteX,29639.92
2023-12-01,RF-IND-008,Flipkart,27463.31
2023-12-01,RF-IND-008,Amazon,30146.15
2023-12-01,RF-IND-008,Croma,31000.03
2023-12-01,RF-IND-008,Reliance Digital,31991.47
2023-12-01,RF-IND-008,CompeteX,28848.62
2024-01-01,RF-IND-008,Flipkart,30480.4
2024-01-01,RF-IND-008,Amazon,30576.85
2024-01-01,RF-IND-008,Croma,30667.72
2024-01-01,RF-IND-008,Reliance Digital,31627.99
2024-01-01,RF-IND-008,CompeteX,30759.7
2024-02-01,RF-IND-008,Flipkart,31168.07
2024-02-01,RF-IND-008,Amazon,27957.67
2024-02-01,RF-IND-008,Croma,30613.82
2024-02-01,RF-IND-008,Reliance Digital,29862.05
2024-02-01,RF-IND-008,CompeteX,29654.37
2024-03-01,RF-IND-008,Flipkart,30657.03
2024-03-01,RF-IND-008,Amazon,28685.49
2024-03-01,RF-IND-008,Croma,32071.01
2024-03-01,RF-IND-008,Reliance Digital,32891.36
2024-03-01,RF-IND-008,CompeteX,29683.51
2024-04-01,RF-IND-008,Flipkart,29479.67
2024-04-01,RF-IND-008,Amazon,30295.64
2024-04-01,RF-IND-008,Croma,32081.72
2024-04-01,RF-IND-008,Reliance Digital,30570.57
2024-04-01,RF-IND-008,CompeteX,28966.63
2024-05-01,RF-IND-008,Flipkart,30106.27
2024-05-01,RF-IND-008,Amazon,31504.73
2024-05-01,RF-IND-008,Croma,32628.35
2024-05-01,RF-IND-008,Reliance Digital,32551.32
2024-05-01,RF-IND-008,CompeteX,27236.35
2024-06-01,RF-IND-008,Flipkart,29134.94
2024-06-01,RF-IND-008,Amazon,27813.07
2024-06-01,RF-IND-008,Croma,30963.61
2024-06-01,RF-IND-008,Reliance Digital,32403.23
2024-06-01,RF-IND-008,CompeteX,30790.21
2024-07-01,RF-IND-008,Flipkart,27586.57
2024-07-01,RF-IND-008,Amazon,29488.7
2024-07-01,RF-IND-008,Croma,33328.14
2024-07-01,RF-IND-008,Reliance Digital,30171.0
2024-07-01,RF-IND-008,CompeteX,28924.17
2024-08-01,RF-IND-008,Flipkart,30295.07
2024-08-01,RF-IND-008,Amazon,30405.18
2024-08-01,RF-IND-008,Croma,30712.99
2024-08-01,RF-IND-008,Reliance Digital,30817.69
2024-08-01,RF-IND-008,CompeteX,29901.39
2024-09-01,RF-IND-008,Flipkart,29530.9
2024-09-01,RF-IND-008,Amazon,27795.55
2024-09-01,RF-IND-008,Croma,33161.16
2024-09-01,RF-IND-008,Reliance Digital,29450.08
2024-09-01,RF-IND-008,CompeteX,29738.77
2024-10-01,RF-IND-008,Flipkart,28027.96
2024-10-01,RF-IND-008,Amazon,31866.86
2024-10-01,RF-IND-008,Croma,31481.74
2024-10-01,RF-IND-008,Reliance Digital,30696.11
2024-10-01,RF-IND-008,CompeteX,27188.57
2024-11-01,RF-IND-008,Flipkart,28468.59
2024-11-01,RF-IND-008,Amazon,31518.95
2024-11-01,RF-IND-008,Croma,34166.74
2024-11-01,RF-IND-008,Reliance Digital,30872.91
2024-11-01,RF-IND-008,CompeteX,28469.22
2024-12-01,RF-IND-008,Flipkart,30248.06
2024-12-01,RF-IND-008,Amazon,31559.74
2024-12-01,RF-IND-008,Croma,32443.56
2024-12-01,RF-IND-008,Reliance Digital,30972.11
2024-12-01,RF-IND-008,CompeteX,28315.45
