review_idx,aspect_term,aspect_category,opinion_words,polarity,negated,method
0,performance,performance,,0.6,False,keyword
0,anc,sound,,1.0,False,keyword
0,cooling,cooling,,1.0,False,keyword
1,ui,software,,0.0,False,keyword
2,quality,build_quality,,-0.15,False,keyword
2,packaging,delivery,,0.7,False,keyword
3,general,general,,-0.5,False,fallback
4,service,service,,0.6000000000000001,False,keyword
5,display,display,,0.5,False,keyword
5,speaker,sound,,-1.0,False,keyword
5,quality,build_quality,,-1.0,False,keyword
5,overheat,cooling,,-1.0,False,keyword
5,design,design,,0.5,False,keyword
6,service,service,,0.0,False,keyword
7,power,battery,,0.20833333333333334,False,keyword
8,charging,battery,,-0.30000000000000004,False,keyword
8,speed,performance,,-0.30000000000000004,False,keyword
8,build,build_quality,,0.0,False,keyword
8,app,software,,-0.30000000000000004,False,keyword
8,lightweight,design,,0.0,False,keyword
9,value,price_value,,0.9,False,keyword
10,service,service,,0.0,False,keyword
11,lens,camera,,0.0,False,keyword
12,service,service,,0.6000000000000001,False,keyword
13,service,service,,0.6000000000000001,False,keyword
14,lag,performance,,0.0,False,keyword
15,ui,software,,0.35714285714285715,False,keyword
16,sound,sound,,0.3833333333333333,False,keyword
16,quality,build_quality,,0.3833333333333333,False,keyword
16,worth,price_value,,0.09999999999999999,False,keyword
17,service,service,,0.6000000000000001,False,keyword
18,camera,camera,,0.0,False,keyword
18,value,price_value,,0.0,False,keyword
19,lag,performance,,0.0,False,keyword
20,durability,build_quality,,1.0,False,keyword
21,expensive,price_value,,-0.04999999999999999,False,keyword
22,quality,build_quality,,-0.15,False,keyword
22,packaging,delivery,,0.7,False,keyword
23,screen,display,,0.09999999999999999,False,keyword
24,camera,camera,,1.0,False,keyword
24,quality,build_quality,,0.0,False,keyword
24,price,price_value,,1.0,False,keyword
24,app,software,,1.0,False,keyword
24,hot,cooling,,0.0,False,keyword
25,warranty,service,,0.3571428571428571,False,keyword
26,software,software,,0.1,False,keyword
27,price,price_value,,0.25,False,keyword
28,software,software,,0.7,False,keyword
29,general,general,,-0.06666666666666665,False,fallback
30,fast,performance,,0.5,False,keyword
30,delivery,delivery,,0.5,False,keyword
31,general,general,,-0.30000000000000004,False,fallback
32,ui,software,,0.35714285714285715,False,keyword
33,battery,battery,,0.125,False,keyword
33,fast,performance,,0.15,False,keyword
33,app,software,,-0.4625,False,keyword
34,camera,camera,,1.0,False,keyword
34,quality,build_quality,,0.0,False,keyword
34,price,price_value,,1.0,False,keyword
34,app,software,,1.0,False,keyword
34,hot,cooling,,0.0,False,keyword
35,fan,cooling,,-0.04999999999999999,False,keyword
36,performance,performance,,0.6666666666666666,False,keyword
36,anc,sound,,0.6666666666666666,False,keyword
36,build,build_quality,,0.6458333333333333,False,keyword
36,ui,software,,0.6458333333333333,False,keyword
37,camera,camera,,0.0,False,keyword
37,value,price_value,,0.0,False,keyword
38,fast,performance,,0.5,False,keyword
38,delivery,delivery,,0.5,False,keyword
39,overheat,cooling,,0.075,False,keyword
40,general,general,,-1.0,False,fallback
41,value,price_value,,0.9,False,keyword
42,delivery,delivery,,0.0,False,keyword
43,ui,software,,0.35714285714285715,False,keyword
44,ui,software,,0.08,False,keyword
45,processor,performance,,0.0,False,keyword
46,camera,camera,,0.5,False,keyword
46,quality,build_quality,,0.75,False,keyword
46,hot,cooling,,0.4,False,keyword
47,app,software,,0.1,False,keyword
48,camera,camera,,0.0,False,keyword
48,value,price_value,,0.0,False,keyword
49,performance,performance,,0.6,False,keyword
49,anc,sound,,1.0,False,keyword
49,cooling,cooling,,1.0,False,keyword
50,value,price_value,,0.9,False,keyword
51,camera,camera,,0.5,False,keyword
51,quality,build_quality,,0.75,False,keyword
51,hot,cooling,,0.4,False,keyword
52,fast,performance,,0.5,False,keyword
52,delivery,delivery,,0.5,False,keyword
53,lightweight,design,,1.0,False,keyword
54,battery,battery,,0.0,False,keyword
54,fast,performance,,0.0,False,keyword
55,software,software,,0.7,False,keyword
56,os,software,,0.0,False,keyword
57,performance,performance,,0.6666666666666666,False,keyword
57,anc,sound,,0.6666666666666666,False,keyword
57,build,build_quality,,0.6458333333333333,False,keyword
57,ui,software,,0.6458333333333333,False,keyword
58,picture,camera,,0.0,False,keyword
58,quality,build_quality,,0.21428571428571427,False,keyword
58,interface,software,,-0.0928571428571429,False,keyword
59,sound,sound,,0.4,False,keyword
59,quality,build_quality,,0.4,False,keyword
60,general,general,,-0.5,False,fallback
61,noise cancellation,sound,,1.0,False,keyword
62,battery,battery,,0.0,False,keyword
62,fast,performance,,0.0,False,keyword
63,noise cancellation,sound,,1.0,False,keyword
64,fan,cooling,,-0.04999999999999999,False,keyword
65,noise cancellation,sound,,1.0,False,keyword
66,service,service,,0.6000000000000001,False,keyword
67,screen,display,,0.09999999999999999,False,keyword
68,general,general,,-0.06666666666666665,False,fallback
69,general,general,,0.0,False,fallback
70,durability,build_quality,,1.0,False,keyword
71,general,general,,-0.06666666666666665,False,fallback
72,price,price_value,,0.25,False,keyword
73,display,display,,0.5,False,keyword
73,speaker,sound,,-1.0,False,keyword
73,quality,build_quality,,-1.0,False,keyword
73,overheat,cooling,,-1.0,False,keyword
73,design,design,,0.5,False,keyword
74,noise cancellation,sound,,1.0,False,keyword
75,general,general,,-0.4000000000000001,False,fallback
76,service,service,,0.0,False,keyword
77,build,build_quality,,0.4,False,keyword
77,price,price_value,,0.3,False,keyword
77,ui,software,,0.4,False,keyword
78,software,software,,0.1,False,keyword
79,price,price_value,,0.25,False,keyword
80,performance,performance,,0.27499999999999997,False,keyword
80,anc,sound,,0.27499999999999997,False,keyword
81,general,general,,-0.5,False,fallback
82,service,service,,0.6000000000000001,False,keyword
83,value,price_value,,0.9,False,keyword
84,value,price_value,,0.9,False,keyword
85,general,general,,-0.5,False,fallback
86,lag,performance,,0.0,False,keyword
87,lag,performance,,0.0,False,keyword
88,lag,performance,,0.0,False,keyword
89,sound,sound,,0.4,False,keyword
89,quality,build_quality,,0.4,False,keyword
90,camera,camera,,1.0,False,keyword
90,quality,build_quality,,0.0,False,keyword
90,price,price_value,,1.0,False,keyword
90,app,software,,1.0,False,keyword
90,hot,cooling,,0.0,False,keyword
91,display,display,,-0.2,False,keyword
92,camera,camera,,0.5,False,keyword
92,quality,build_quality,,0.75,False,keyword
92,hot,cooling,,0.4,False,keyword
93,general,general,,-0.4000000000000001,False,fallback
94,fast,performance,,0.5,False,keyword
94,delivery,delivery,,0.5,False,keyword
95,ui,software,,0.0,False,keyword
96,build,build_quality,,0.4,False,keyword
96,price,price_value,,0.3,False,keyword
96,ui,software,,0.4,False,keyword
97,ui,software,,0.35714285714285715,False,keyword
98,battery,battery,,0.125,False,keyword
98,fast,performance,,0.15,False,keyword
98,app,software,,-0.4625,False,keyword
99,power,battery,,0.20833333333333334,False,keyword
100,camera,camera,,1.0,False,keyword
100,quality,build_quality,,0.0,False,keyword
100,price,price_value,,1.0,False,keyword
100,app,software,,1.0,False,keyword
100,hot,cooling,,0.0,False,keyword
101,lag,performance,,0.0,False,keyword
102,ui,software,,0.35714285714285715,False,keyword
103,build,build_quality,,0.0,False,keyword
103,service,service,,0.5,False,keyword
103,ui,software,,0.0,False,keyword
104,display,display,,0.4333333333333333,False,keyword
105,build,build_quality,,0.0,False,keyword
105,service,service,,0.5,False,keyword
105,ui,software,,0.0,False,keyword
106,noise cancellation,sound,,1.0,False,keyword
107,build,build_quality,,0.4,False,keyword
107,price,price_value,,0.3,False,keyword
107,ui,software,,0.4,False,keyword
108,display,display,,0.4333333333333333,False,keyword
109,lens,camera,,0.0,False,keyword
110,general,general,,-0.06666666666666665,False,fallback
111,app,software,,0.1,False,keyword
112,value,price_value,,0.9,False,keyword
113,screen,display,,0.09999999999999999,False,keyword
114,lens,camera,,0.0,False,keyword
115,lens,camera,,0.0,False,keyword
116,general,general,,0.0,False,fallback
117,build,build_quality,,0.0,False,keyword
117,price,price_value,,0.0,False,keyword
117,ui,software,,0.0,False,keyword
118,camera,camera,,0.0,False,keyword
118,value,price_value,,0.0,False,keyword
119,sound,sound,,0.3833333333333333,False,keyword
119,quality,build_quality,,0.3833333333333333,False,keyword
119,worth,price_value,,0.09999999999999999,False,keyword
120,service,service,,0.6000000000000001,False,keyword
121,durability,build_quality,,1.0,False,keyword
122,build,build_quality,,0.4,False,keyword
122,price,price_value,,0.3,False,keyword
122,ui,software,,0.4,False,keyword
123,ui,software,,0.35714285714285715,False,keyword
124,camera,camera,,0.5,False,keyword
124,quality,build_quality,,0.75,False,keyword
124,hot,cooling,,0.4,False,keyword
125,general,general,,0.2857142857142857,False,fallback
126,general,general,,0.0,False,fallback
127,ui,software,,0.22499999999999998,False,keyword
127,cooling,cooling,,0.9,False,keyword
128,ui,software,,0.08,False,keyword
129,quality,build_quality,,-0.15,False,keyword
129,packaging,delivery,,0.7,False,keyword
130,delivery,delivery,,0.0,False,keyword
131,general,general,,0.2857142857142857,False,fallback
132,fast,performance,,0.5,False,keyword
132,delivery,delivery,,0.5,False,keyword
133,general,general,,-0.30000000000000004,False,fallback
134,camera,camera,,1.0,False,keyword
134,quality,build_quality,,0.0,False,keyword
134,price,price_value,,1.0,False,keyword
134,app,software,,1.0,False,keyword
134,hot,cooling,,0.0,False,keyword
135,software,software,,0.7,False,keyword
136,general,general,,0.0,False,fallback
137,design,design,,0.5,False,keyword
138,build,build_quality,,0.0,False,keyword
138,price,price_value,,0.0,False,keyword
138,ui,software,,0.0,False,keyword
139,build,build_quality,,0.0,False,keyword
139,price,price_value,,0.0,False,keyword
139,ui,software,,0.0,False,keyword
140,lightweight,design,,1.0,False,keyword
141,general,general,,0.2857142857142857,False,fallback
142,general,general,,0.2857142857142857,False,fallback
143,general,general,,0.0,False,fallback
144,lens,camera,,0.0,False,keyword
145,sound,sound,,0.4,False,keyword
145,quality,build_quality,,0.4,False,keyword
146,sound,sound,,0.5499999999999999,False,keyword
146,quality,build_quality,,0.5499999999999999,False,keyword
146,price,price_value,,0.2,False,keyword
147,service,service,,0.6000000000000001,False,keyword
148,display,display,,-0.2,False,keyword
149,display,display,,0.5,False,keyword
149,speaker,sound,,-1.0,False,keyword
149,quality,build_quality,,-1.0,False,keyword
149,overheat,cooling,,-1.0,False,keyword
149,design,design,,0.5,False,keyword
150,durability,build_quality,,1.0,False,keyword
151,lightweight,design,,1.0,False,keyword
152,general,general,,0.0,False,fallback
153,price,price_value,,0.25,False,keyword
154,durability,build_quality,,1.0,False,keyword
155,ui,software,,0.08,False,keyword
156,lightweight,design,,1.0,False,keyword
157,warranty,service,,0.3571428571428571,False,keyword
158,fast,performance,,0.5,False,keyword
158,delivery,delivery,,0.5,False,keyword
159,battery,battery,,0.6666666666666667,False,keyword
160,sound,sound,,0.3833333333333333,False,keyword
160,quality,build_quality,,0.3833333333333333,False,keyword
160,worth,price_value,,0.09999999999999999,False,keyword
161,general,general,,-0.06666666666666665,False,fallback
162,processor,performance,,0.0,False,keyword
163,performance,performance,,0.27499999999999997,False,keyword
163,anc,sound,,0.27499999999999997,False,keyword
164,service,service,,0.6000000000000001,False,keyword
165,software,software,,0.7,False,keyword
166,design,design,,0.5,False,keyword
167,value,price_value,,0.9,False,keyword
168,value,price_value,,0.9,False,keyword
169,overheat,cooling,,0.075,False,keyword
170,camera,camera,,0.0,False,keyword
170,value,price_value,,0.0,False,keyword
171,build,build_quality,,0.0,False,keyword
171,price,price_value,,0.0,False,keyword
171,ui,software,,0.0,False,keyword
172,noise cancellation,sound,,1.0,False,keyword
173,sound,sound,,0.4,False,keyword
173,quality,build_quality,,0.4,False,keyword
174,quality,build_quality,,-0.4,False,keyword
175,software,software,,0.1,False,keyword
176,general,general,,-0.4000000000000001,False,fallback
177,quality,build_quality,,0.63,False,keyword
178,app,software,,0.1,False,keyword
179,value,price_value,,0.9,False,keyword
180,performance,performance,,0.6666666666666666,False,keyword
180,anc,sound,,0.6666666666666666,False,keyword
180,build,build_quality,,0.6458333333333333,False,keyword
180,ui,software,,0.6458333333333333,False,keyword
181,fast,performance,,0.5,False,keyword
181,delivery,delivery,,0.5,False,keyword
182,general,general,,-0.06666666666666665,False,fallback
183,display,display,,-0.2,False,keyword
184,lens,camera,,0.0,False,keyword
185,ui,software,,0.35714285714285715,False,keyword
186,value,price_value,,0.9,False,keyword
187,build,build_quality,,0.0,False,keyword
187,price,price_value,,0.0,False,keyword
187,ui,software,,0.0,False,keyword
188,lag,performance,,0.0,False,keyword
189,performance,performance,,0.27499999999999997,False,keyword
189,anc,sound,,0.27499999999999997,False,keyword
190,lens,camera,,0.0,False,keyword
191,os,software,,0.0,False,keyword
192,quality,build_quality,,-0.15,False,keyword
192,packaging,delivery,,0.7,False,keyword
193,camera,camera,,1.0,False,keyword
193,quality,build_quality,,0.0,False,keyword
193,price,price_value,,1.0,False,keyword
193,app,software,,1.0,False,keyword
193,hot,cooling,,0.0,False,keyword
194,sound,sound,,0.4,False,keyword
194,quality,build_quality,,0.4,False,keyword
195,general,general,,-0.30000000000000004,False,fallback
196,price,price_value,,0.25,False,keyword
197,service,service,,0.0,False,keyword
198,os,software,,0.0,False,keyword
199,build,build_quality,,0.0,False,keyword
199,price,price_value,,0.0,False,keyword
199,ui,software,,0.0,False,keyword
200,sound,sound,,0.3833333333333333,False,keyword
200,quality,build_quality,,0.3833333333333333,False,keyword
200,worth,price_value,,0.09999999999999999,False,keyword
201,price,price_value,,0.25,False,keyword
202,app,software,,0.1,False,keyword
203,screen,display,,0.09999999999999999,False,keyword
204,service,service,,0.6000000000000001,False,keyword
205,general,general,,-0.5,False,fallback
206,lag,performance,,0.0,False,keyword
207,price,price_value,,0.25,False,keyword
208,lens,camera,,0.0,False,keyword
209,service,service,,0.6000000000000001,False,keyword
210,ui,software,,0.08,False,keyword
211,general,general,,-0.4000000000000001,False,fallback
212,sound,sound,,0.3833333333333333,False,keyword
212,quality,build_quality,,0.3833333333333333,False,keyword
212,worth,price_value,,0.09999999999999999,False,keyword
213,quality,build_quality,,-0.15,False,keyword
213,packaging,delivery,,0.7,False,keyword
214,price,price_value,,0.25,False,keyword
215,general,general,,-1.0,False,fallback
216,display,display,,0.4333333333333333,False,keyword
217,screen,display,,0.09999999999999999,False,keyword
218,overheat,cooling,,0.075,False,keyword
219,software,software,,0.7,False,keyword
220,general,general,,-1.0,False,fallback
221,sound,sound,,0.4,False,keyword
221,quality,build_quality,,0.4,False,keyword
222,camera,camera,,1.0,False,keyword
222,quality,build_quality,,0.0,False,keyword
222,price,price_value,,1.0,False,keyword
222,app,software,,1.0,False,keyword
222,hot,cooling,,0.0,False,keyword
223,software,software,,0.7,False,keyword
224,general,general,,0.0,False,fallback
225,design,design,,0.5,False,keyword
226,general,general,,-0.06666666666666665,False,fallback
227,service,service,,0.6000000000000001,False,keyword
228,durability,build_quality,,1.0,False,keyword
229,general,general,,0.0,False,fallback
230,power,battery,,0.20833333333333334,False,keyword
231,overheat,cooling,,0.075,False,keyword
232,display,display,,0.4333333333333333,False,keyword
233,general,general,,0.2857142857142857,False,fallback
234,overheat,cooling,,0.075,False,keyword
235,lightweight,design,,1.0,False,keyword
236,camera,camera,,0.0,False,keyword
236,value,price_value,,0.0,False,keyword
237,ui,software,,0.0,False,keyword
238,display,display,,0.4333333333333333,False,keyword
239,ui,software,,0.22499999999999998,False,keyword
239,cooling,cooling,,0.9,False,keyword
240,charging,battery,,-0.30000000000000004,False,keyword
240,speed,performance,,-0.30000000000000004,False,keyword
240,build,build_quality,,0.0,False,keyword
240,app,software,,-0.30000000000000004,False,keyword
240,lightweight,design,,0.0,False,keyword
241,app,software,,0.1,False,keyword
242,build,build_quality,,0.0,False,keyword
242,price,price_value,,0.0,False,keyword
242,ui,software,,0.0,False,keyword
243,durability,build_quality,,1.0,False,keyword
244,service,service,,0.0,False,keyword
245,power,battery,,0.20833333333333334,False,keyword
246,fan,cooling,,-0.04999999999999999,False,keyword
247,lag,performance,,0.0,False,keyword
248,performance,performance,,0.27499999999999997,False,keyword
248,anc,sound,,0.27499999999999997,False,keyword
249,general,general,,0.0,False,fallback
250,ui,software,,0.35714285714285715,False,keyword
251,battery,battery,,0.0,False,keyword
251,fast,performance,,0.0,False,keyword
252,noise cancellation,sound,,1.0,False,keyword
253,screen,display,,0.09999999999999999,False,keyword
254,lens,camera,,0.0,False,keyword
255,battery,battery,,0.6666666666666667,False,keyword
256,app,software,,0.1,False,keyword
257,build,build_quality,,0.4,False,keyword
257,price,price_value,,0.3,False,keyword
257,ui,software,,0.4,False,keyword
258,general,general,,0.2857142857142857,False,fallback
259,general,general,,0.2857142857142857,False,fallback
260,fast,performance,,0.5,False,keyword
260,delivery,delivery,,0.5,False,keyword
261,display,display,,0.4333333333333333,False,keyword
262,ui,software,,0.35714285714285715,False,keyword
263,ui,software,,0.35714285714285715,False,keyword
264,general,general,,-0.5,False,fallback
265,premium,build_quality,,0.5,False,keyword
265,price,price_value,,0.5,False,keyword
266,general,general,,0.0,False,fallback
267,picture,camera,,0.0,False,keyword
267,quality,build_quality,,0.21428571428571427,False,keyword
267,interface,software,,-0.0928571428571429,False,keyword
268,fast,performance,,0.5,False,keyword
268,delivery,delivery,,0.5,False,keyword
269,display,display,,0.4333333333333333,False,keyword
270,screen,display,,0.15,False,keyword
270,quality,build_quality,,-0.425,False,keyword
271,general,general,,-0.06666666666666665,False,fallback
272,quality,build_quality,,-0.4,False,keyword
273,overheat,cooling,,0.075,False,keyword
274,general,general,,0.2857142857142857,False,fallback
275,lens,camera,,0.0,False,keyword
276,lag,performance,,0.0,False,keyword
277,display,display,,0.4333333333333333,False,keyword
278,general,general,,0.0,False,fallback
279,performance,performance,,0.6,False,keyword
279,anc,sound,,1.0,False,keyword
279,cooling,cooling,,1.0,False,keyword
280,power,battery,,0.20833333333333334,False,keyword
281,lens,camera,,0.0,False,keyword
282,noise cancellation,sound,,1.0,False,keyword
283,display,display,,0.5,False,keyword
283,speaker,sound,,-1.0,False,keyword
283,quality,build_quality,,-1.0,False,keyword
283,overheat,cooling,,-1.0,False,keyword
283,design,design,,0.5,False,keyword
284,lens,camera,,0.0,False,keyword
285,lens,camera,,0.0,False,keyword
286,lens,camera,,0.0,False,keyword
287,camera,camera,,0.5,False,keyword
287,quality,build_quality,,0.75,False,keyword
287,hot,cooling,,0.4,False,keyword
288,quality,build_quality,,-0.15,False,keyword
288,packaging,delivery,,0.7,False,keyword
289,ui,software,,0.08,False,keyword
290,quality,build_quality,,-0.15,False,keyword
290,packaging,delivery,,0.7,False,keyword
291,noise cancellation,sound,,1.0,False,keyword
292,display,display,,-0.2,False,keyword
293,quality,build_quality,,-0.4,False,keyword
294,general,general,,0.2523809523809524,False,fallback
295,software,software,,0.7,False,keyword
296,general,general,,-0.06666666666666665,False,fallback
297,performance,performance,,0.27499999999999997,False,keyword
297,anc,sound,,0.27499999999999997,False,keyword
298,sound,sound,,0.4,False,keyword
298,quality,build_quality,,0.4,False,keyword
299,ui,software,,0.0,False,keyword
300,sound,sound,,0.3833333333333333,False,keyword
300,quality,build_quality,,0.3833333333333333,False,keyword
300,worth,price_value,,0.09999999999999999,False,keyword
301,ui,software,,0.35714285714285715,False,keyword
302,ui,software,,0.08,False,keyword
303,lightweight,design,,1.0,False,keyword
304,battery,battery,,0.2,False,keyword
304,camera,camera,,0.2,False,keyword
304,performance,performance,,0.2,False,keyword
304,anc,sound,,0.2,False,keyword
305,design,design,,0.5,False,keyword
306,app,software,,0.1,False,keyword
307,screen,display,,0.15,False,keyword
307,quality,build_quality,,-0.425,False,keyword
308,lens,camera,,0.0,False,keyword
309,design,design,,0.5,False,keyword
310,overheat,cooling,,0.075,False,keyword
311,charging,battery,,-0.30000000000000004,False,keyword
311,speed,performance,,-0.30000000000000004,False,keyword
311,build,build_quality,,0.0,False,keyword
311,app,software,,-0.30000000000000004,False,keyword
311,lightweight,design,,0.0,False,keyword
312,sound,sound,,0.3833333333333333,False,keyword
312,quality,build_quality,,0.3833333333333333,False,keyword
312,worth,price_value,,0.09999999999999999,False,keyword
313,screen,display,,0.09999999999999999,False,keyword
314,display,display,,-0.2,False,keyword
315,noise cancellation,sound,,1.0,False,keyword
316,picture,camera,,0.0,False,keyword
316,quality,build_quality,,0.21428571428571427,False,keyword
316,interface,software,,-0.0928571428571429,False,keyword
317,fast,performance,,0.5,False,keyword
317,delivery,delivery,,0.5,False,keyword
318,display,display,,-0.2,False,keyword
319,general,general,,0.0,False,fallback
320,app,software,,0.1,False,keyword
321,ui,software,,0.0,False,keyword
322,noise cancellation,sound,,1.0,False,keyword
323,quality,build_quality,,0.63,False,keyword
324,display,display,,0.4333333333333333,False,keyword
325,display,display,,-0.2,False,keyword
326,software,software,,0.7,False,keyword
327,general,general,,0.0,False,fallback
328,noise cancellation,sound,,1.0,False,keyword
329,fast,performance,,0.5,False,keyword
329,delivery,delivery,,0.5,False,keyword
330,general,general,,0.2523809523809524,False,fallback
331,performance,performance,,0.6,False,keyword
331,anc,sound,,1.0,False,keyword
331,cooling,cooling,,1.0,False,keyword
332,camera,camera,,0.0,False,keyword
332,value,price_value,,0.0,False,keyword
333,ui,software,,0.22499999999999998,False,keyword
333,cooling,cooling,,0.9,False,keyword
334,performance,performance,,0.27499999999999997,False,keyword
334,anc,sound,,0.27499999999999997,False,keyword
335,performance,performance,,0.6,False,keyword
335,anc,sound,,1.0,False,keyword
335,cooling,cooling,,1.0,False,keyword
336,lightweight,design,,1.0,False,keyword
337,fast,performance,,0.5,False,keyword
337,delivery,delivery,,0.5,False,keyword
338,sound,sound,,0.4,False,keyword
338,quality,build_quality,,0.4,False,keyword
339,general,general,,0.0,False,fallback
340,delivery,delivery,,0.0,False,keyword
341,display,display,,0.5,False,keyword
341,speaker,sound,,-1.0,False,keyword
341,quality,build_quality,,-1.0,False,keyword
341,overheat,cooling,,-1.0,False,keyword
341,design,design,,0.5,False,keyword
342,power,battery,,0.20833333333333334,False,keyword
343,os,software,,0.0,False,keyword
344,service,service,,0.6000000000000001,False,keyword
345,build,build_quality,,0.4,False,keyword
345,price,price_value,,0.3,False,keyword
345,ui,software,,0.4,False,keyword
346,app,software,,0.1,False,keyword
347,battery,battery,,0.35,False,keyword
347,camera,camera,,0.5,False,keyword
347,screen,display,,0.18333333333333335,False,keyword
347,quality,build_quality,,0.18333333333333335,False,keyword
348,ui,software,,0.35714285714285715,False,keyword
349,power,battery,,0.20833333333333334,False,keyword
350,camera,camera,,1.0,False,keyword
350,quality,build_quality,,0.0,False,keyword
350,price,price_value,,1.0,False,keyword
350,app,software,,1.0,False,keyword
350,hot,cooling,,0.0,False,keyword
351,premium,build_quality,,0.5,False,keyword
351,price,price_value,,0.5,False,keyword
352,build,build_quality,,0.0,False,keyword
352,price,price_value,,0.0,False,keyword
352,ui,software,,0.0,False,keyword
353,processor,performance,,0.0,False,keyword
354,noise cancellation,sound,,1.0,False,keyword
355,battery,battery,,0.2,False,keyword
355,camera,camera,,0.2,False,keyword
355,performance,performance,,0.2,False,keyword
355,anc,sound,,0.2,False,keyword
356,general,general,,-0.06666666666666665,False,fallback
357,performance,performance,,0.27499999999999997,False,keyword
357,anc,sound,,0.27499999999999997,False,keyword
358,lag,performance,,0.0,False,keyword
359,noise cancellation,sound,,1.0,False,keyword
360,design,design,,0.5,False,keyword
361,ui,software,,0.0,False,keyword
362,general,general,,0.0,False,fallback
363,general,general,,0.0,False,fallback
364,camera,camera,,0.5,False,keyword
364,quality,build_quality,,0.75,False,keyword
364,hot,cooling,,0.4,False,keyword
365,camera,camera,,0.5,False,keyword
365,quality,build_quality,,0.75,False,keyword
365,hot,cooling,,0.4,False,keyword
366,app,software,,0.1,False,keyword
367,battery,battery,,0.6666666666666667,False,keyword
368,app,software,,0.1,False,keyword
369,price,price_value,,0.25,False,keyword
370,general,general,,-0.4000000000000001,False,fallback
371,general,general,,-0.30000000000000004,False,fallback
372,display,display,,0.5,False,keyword
372,speaker,sound,,-1.0,False,keyword
372,quality,build_quality,,-1.0,False,keyword
372,overheat,cooling,,-1.0,False,keyword
372,design,design,,0.5,False,keyword
373,camera,camera,,0.0,False,keyword
373,value,price_value,,0.0,False,keyword
374,general,general,,-0.4000000000000001,False,fallback
375,build,build_quality,,0.4,False,keyword
375,price,price_value,,0.3,False,keyword
375,ui,software,,0.4,False,keyword
376,noise cancellation,sound,,1.0,False,keyword
377,ui,software,,0.0,False,keyword
378,picture,camera,,0.0,False,keyword
378,quality,build_quality,,0.21428571428571427,False,keyword
378,interface,software,,-0.0928571428571429,False,keyword
379,fast,performance,,0.5,False,keyword
379,delivery,delivery,,0.5,False,keyword
380,sound,sound,,0.3833333333333333,False,keyword
380,quality,build_quality,,0.3833333333333333,False,keyword
380,worth,price_value,,0.09999999999999999,False,keyword
381,performance,performance,,0.27499999999999997,False,keyword
381,anc,sound,,0.27499999999999997,False,keyword
382,durability,build_quality,,1.0,False,keyword
383,quality,build_quality,,0.63,False,keyword
384,build,build_quality,,0.0,False,keyword
384,service,service,,0.5,False,keyword
384,ui,software,,0.0,False,keyword
385,lens,camera,,0.0,False,keyword
386,performance,performance,,0.6,False,keyword
386,anc,sound,,1.0,False,keyword
386,cooling,cooling,,1.0,False,keyword
387,value,price_value,,0.9,False,keyword
388,camera,camera,,0.0,False,keyword
388,value,price_value,,0.0,False,keyword
389,service,service,,0.6000000000000001,False,keyword
390,camera,camera,,0.0,False,keyword
390,value,price_value,,0.0,False,keyword
391,value,price_value,,0.9,False,keyword
392,camera,camera,,1.0,False,keyword
392,quality,build_quality,,0.0,False,keyword
392,price,price_value,,1.0,False,keyword
392,app,software,,1.0,False,keyword
392,hot,cooling,,0.0,False,keyword
393,value,price_value,,0.9,False,keyword
394,fan,cooling,,-0.04999999999999999,False,keyword
395,camera,camera,,0.0,False,keyword
395,value,price_value,,0.0,False,keyword
396,performance,performance,,0.6,False,keyword
396,anc,sound,,1.0,False,keyword
396,cooling,cooling,,1.0,False,keyword
397,camera,camera,,0.5,False,keyword
397,quality,build_quality,,0.75,False,keyword
397,hot,cooling,,0.4,False,keyword
398,power,battery,,0.20833333333333334,False,keyword
399,premium,build_quality,,0.5,False,keyword
399,price,price_value,,0.5,False,keyword
400,battery,battery,,0.0,False,keyword
400,fast,performance,,0.0,False,keyword
401,noise cancellation,sound,,1.0,False,keyword
402,battery,battery,,0.6666666666666667,False,keyword
403,general,general,,0.0,False,fallback
404,fan,cooling,,-0.04999999999999999,False,keyword
405,general,general,,0.2857142857142857,False,fallback
406,display,display,,0.5,False,keyword
406,speaker,sound,,-1.0,False,keyword
406,quality,build_quality,,-1.0,False,keyword
406,overheat,cooling,,-1.0,False,keyword
406,design,design,,0.5,False,keyword
407,lens,camera,,0.0,False,keyword
408,os,software,,0.0,False,keyword
409,general,general,,-1.0,False,fallback
410,delivery,delivery,,0.0,False,keyword
411,general,general,,-0.4000000000000001,False,fallback
412,display,display,,-0.2,False,keyword
413,lag,performance,,0.0,False,keyword
414,sound,sound,,0.4,False,keyword
414,quality,build_quality,,0.4,False,keyword
415,design,design,,0.5,False,keyword
416,value,price_value,,0.9,False,keyword
417,fan,cooling,,-0.04999999999999999,False,keyword
418,overheat,cooling,,0.075,False,keyword
419,camera,camera,,1.0,False,keyword
419,quality,build_quality,,0.0,False,keyword
419,price,price_value,,1.0,False,keyword
419,app,software,,1.0,False,keyword
419,hot,cooling,,0.0,False,keyword
420,ui,software,,0.0,False,keyword
421,lag,performance,,0.0,False,keyword
422,general,general,,0.2523809523809524,False,fallback
423,ui,software,,0.08,False,keyword
424,general,general,,-0.5,False,fallback
425,general,general,,0.0,False,fallback
426,software,software,,0.7,False,keyword
427,screen,display,,0.09999999999999999,False,keyword
428,display,display,,0.4333333333333333,False,keyword
429,battery,battery,,0.6666666666666667,False,keyword
430,performance,performance,,0.27499999999999997,False,keyword
430,anc,sound,,0.27499999999999997,False,keyword
431,general,general,,-1.0,False,fallback
432,value,price_value,,0.9,False,keyword
433,sound,sound,,0.5499999999999999,False,keyword
433,quality,build_quality,,0.5499999999999999,False,keyword
433,price,price_value,,0.2,False,keyword
434,power,battery,,0.20833333333333334,False,keyword
435,service,service,,0.6000000000000001,False,keyword
436,durability,build_quality,,1.0,False,keyword
437,battery,battery,,0.2,False,keyword
437,camera,camera,,0.2,False,keyword
437,performance,performance,,0.2,False,keyword
437,anc,sound,,0.2,False,keyword
438,durability,build_quality,,1.0,False,keyword
439,quality,build_quality,,-0.15,False,keyword
439,packaging,delivery,,0.7,False,keyword
440,lightweight,design,,1.0,False,keyword
441,battery,battery,,0.0,False,keyword
441,fast,performance,,0.0,False,keyword
442,premium,build_quality,,0.5,False,keyword
442,price,price_value,,0.5,False,keyword
443,noise cancellation,sound,,1.0,False,keyword
444,lightweight,design,,1.0,False,keyword
445,build,build_quality,,0.0,False,keyword
445,service,service,,0.5,False,keyword
445,ui,software,,0.0,False,keyword
446,battery,battery,,0.6666666666666667,False,keyword
447,general,general,,-0.4000000000000001,False,fallback
448,general,general,,-1.0,False,fallback
449,ui,software,,0.08,False,keyword
450,performance,performance,,0.6,False,keyword
450,anc,sound,,1.0,False,keyword
450,cooling,cooling,,1.0,False,keyword
451,lens,camera,,0.0,False,keyword
452,performance,performance,,0.6,False,keyword
452,anc,sound,,1.0,False,keyword
452,cooling,cooling,,1.0,False,keyword
453,camera,camera,,1.0,False,keyword
453,quality,build_quality,,0.0,False,keyword
453,price,price_value,,1.0,False,keyword
453,app,software,,1.0,False,keyword
453,hot,cooling,,0.0,False,keyword
454,camera,camera,,0.5,False,keyword
454,quality,build_quality,,0.75,False,keyword
454,hot,cooling,,0.4,False,keyword
455,screen,display,,0.09999999999999999,False,keyword
456,general,general,,0.0,False,fallback
457,software,software,,0.1,False,keyword
458,lightweight,design,,1.0,False,keyword
459,service,service,,0.6000000000000001,False,keyword
460,camera,camera,,1.0,False,keyword
460,quality,build_quality,,0.0,False,keyword
460,price,price_value,,1.0,False,keyword
460,app,software,,1.0,False,keyword
460,hot,cooling,,0.0,False,keyword
461,display,display,,0.4333333333333333,False,keyword
462,screen,display,,0.09999999999999999,False,keyword
463,performance,performance,,0.27499999999999997,False,keyword
463,anc,sound,,0.27499999999999997,False,keyword
464,noise cancellation,sound,,1.0,False,keyword
465,general,general,,0.2857142857142857,False,fallback
466,warranty,service,,0.3571428571428571,False,keyword
467,general,general,,-0.5,False,fallback
468,processor,performance,,0.0,False,keyword
469,camera,camera,,0.5,False,keyword
469,quality,build_quality,,0.75,False,keyword
469,hot,cooling,,0.4,False,keyword
470,build,build_quality,,0.4,False,keyword
470,price,price_value,,0.3,False,keyword
470,ui,software,,0.4,False,keyword
471,lens,camera,,0.0,False,keyword
472,quality,build_quality,,-0.15,False,keyword
472,packaging,delivery,,0.7,False,keyword
473,general,general,,0.0,False,fallback
474,display,display,,0.4333333333333333,False,keyword
475,build,build_quality,,0.0,False,keyword
475,price,price_value,,0.0,False,keyword
475,ui,software,,0.0,False,keyword
476,quality,build_quality,,-0.15,False,keyword
476,packaging,delivery,,0.7,False,keyword
477,quality,build_quality,,-0.4,False,keyword
478,ui,software,,0.08,False,keyword
479,delivery,delivery,,0.0,False,keyword
480,expensive,price_value,,-0.04999999999999999,False,keyword
481,noise cancellation,sound,,1.0,False,keyword
482,battery,battery,,0.6666666666666667,False,keyword
483,quality,build_quality,,-0.4,False,keyword
484,fast,performance,,0.5,False,keyword
484,delivery,delivery,,0.5,False,keyword
485,durability,build_quality,,1.0,False,keyword
486,display,display,,-0.2,False,keyword
487,battery,battery,,0.6666666666666667,False,keyword
488,camera,camera,,1.0,False,keyword
488,quality,build_quality,,0.0,False,keyword
488,price,price_value,,1.0,False,keyword
488,app,software,,1.0,False,keyword
488,hot,cooling,,0.0,False,keyword
489,general,general,,-0.30000000000000004,False,fallback
490,build,build_quality,,0.0,False,keyword
490,service,service,,0.5,False,keyword
490,ui,software,,0.0,False,keyword
491,ui,software,,0.0,False,keyword
492,performance,performance,,0.6,False,keyword
492,anc,sound,,1.0,False,keyword
492,cooling,cooling,,1.0,False,keyword
493,lag,performance,,0.0,False,keyword
494,general,general,,-0.5,False,fallback
495,sound,sound,,0.5499999999999999,False,keyword
495,quality,build_quality,,0.5499999999999999,False,keyword
495,price,price_value,,0.2,False,keyword
496,premium,build_quality,,0.5,False,keyword
496,price,price_value,,0.5,False,keyword
497,app,software,,0.1,False,keyword
498,premium,build_quality,,0.5,False,keyword
498,price,price_value,,0.5,False,keyword
499,general,general,,0.2857142857142857,False,fallback
500,battery,battery,,0.125,False,keyword
500,fast,performance,,0.15,False,keyword
500,app,software,,-0.4625,False,keyword
501,power,battery,,0.20833333333333334,False,keyword
502,build,build_quality,,0.4,False,keyword
502,price,price_value,,0.3,False,keyword
502,ui,software,,0.4,False,keyword
503,battery,battery,,0.6666666666666667,False,keyword
504,service,service,,0.0,False,keyword
505,sound,sound,,0.5499999999999999,False,keyword
505,quality,build_quality,,0.5499999999999999,False,keyword
505,price,price_value,,0.2,False,keyword
506,build,build_quality,,0.0,False,keyword
506,service,service,,0.5,False,keyword
506,ui,software,,0.0,False,keyword
507,durability,build_quality,,1.0,False,keyword
508,service,service,,0.6000000000000001,False,keyword
509,general,general,,0.0,False,fallback
510,battery,battery,,0.0,False,keyword
510,fast,performance,,0.0,False,keyword
511,premium,build_quality,,0.5,False,keyword
511,price,price_value,,0.5,False,keyword
512,power,battery,,0.20833333333333334,False,keyword
513,sound,sound,,0.5499999999999999,False,keyword
513,quality,build_quality,,0.5499999999999999,False,keyword
513,price,price_value,,0.2,False,keyword
514,general,general,,-0.5,False,fallback
515,battery,battery,,0.6666666666666667,False,keyword
516,camera,camera,,1.0,False,keyword
516,quality,build_quality,,0.0,False,keyword
516,price,price_value,,1.0,False,keyword
516,app,software,,1.0,False,keyword
516,hot,cooling,,0.0,False,keyword
517,sound,sound,,0.5499999999999999,False,keyword
517,quality,build_quality,,0.5499999999999999,False,keyword
517,price,price_value,,0.2,False,keyword
518,camera,camera,,1.0,False,keyword
518,quality,build_quality,,0.0,False,keyword
518,price,price_value,,1.0,False,keyword
518,app,software,,1.0,False,keyword
518,hot,cooling,,0.0,False,keyword
519,battery,battery,,0.6666666666666667,False,keyword
520,ui,software,,0.08,False,keyword
521,app,software,,0.1,False,keyword
522,ui,software,,0.35714285714285715,False,keyword
523,screen,display,,0.09999999999999999,False,keyword
524,ui,software,,0.08,False,keyword
525,lightweight,design,,1.0,False,keyword
526,lightweight,design,,1.0,False,keyword
527,lightweight,design,,1.0,False,keyword
528,camera,camera,,1.0,False,keyword
528,quality,build_quality,,0.0,False,keyword
528,price,price_value,,1.0,False,keyword
528,app,software,,1.0,False,keyword
528,hot,cooling,,0.0,False,keyword
529,value,price_value,,0.9,False,keyword
530,general,general,,0.0,False,fallback
531,delivery,delivery,,0.0,False,keyword
532,lightweight,design,,1.0,False,keyword
533,picture,camera,,0.0,False,keyword
533,quality,build_quality,,0.21428571428571427,False,keyword
533,interface,software,,-0.0928571428571429,False,keyword
534,general,general,,-0.06666666666666665,False,fallback
535,screen,display,,0.09999999999999999,False,keyword
536,fan,cooling,,-0.04999999999999999,False,keyword
537,lag,performance,,0.0,False,keyword
538,warranty,service,,0.3571428571428571,False,keyword
539,general,general,,-0.06666666666666665,False,fallback
540,sound,sound,,0.3833333333333333,False,keyword
540,quality,build_quality,,0.3833333333333333,False,keyword
540,worth,price_value,,0.09999999999999999,False,keyword
541,picture,camera,,0.0,False,keyword
541,quality,build_quality,,0.21428571428571427,False,keyword
541,interface,software,,-0.0928571428571429,False,keyword
542,app,software,,0.1,False,keyword
543,app,software,,0.1,False,keyword
544,software,software,,0.1,False,keyword
545,sound,sound,,0.3833333333333333,False,keyword
545,quality,build_quality,,0.3833333333333333,False,keyword
545,worth,price_value,,0.09999999999999999,False,keyword
546,software,software,,0.1,False,keyword
547,battery,battery,,0.35,False,keyword
547,camera,camera,,0.5,False,keyword
547,screen,display,,0.18333333333333335,False,keyword
547,quality,build_quality,,0.18333333333333335,False,keyword
548,camera,camera,,0.5,False,keyword
548,quality,build_quality,,0.75,False,keyword
548,hot,cooling,,0.4,False,keyword
549,ui,software,,0.0,False,keyword
550,general,general,,-1.0,False,fallback
551,durability,build_quality,,1.0,False,keyword
552,lag,performance,,0.0,False,keyword
553,general,general,,-1.0,False,fallback
554,general,general,,-0.4000000000000001,False,fallback
555,performance,performance,,0.6666666666666666,False,keyword
555,anc,sound,,0.6666666666666666,False,keyword
555,build,build_quality,,0.6458333333333333,False,keyword
555,ui,software,,0.6458333333333333,False,keyword
556,ui,software,,0.08,False,keyword
557,power,battery,,0.20833333333333334,False,keyword
558,general,general,,0.2523809523809524,False,fallback
559,build,build_quality,,0.4,False,keyword
559,price,price_value,,0.3,False,keyword
559,ui,software,,0.4,False,keyword
560,sound,sound,,0.5499999999999999,False,keyword
560,quality,build_quality,,0.5499999999999999,False,keyword
560,price,price_value,,0.2,False,keyword
561,overheat,cooling,,0.075,False,keyword
562,camera,camera,,1.0,False,keyword
562,quality,build_quality,,0.0,False,keyword
562,price,price_value,,1.0,False,keyword
562,app,software,,1.0,False,keyword
562,hot,cooling,,0.0,False,keyword
563,noise cancellation,sound,,1.0,False,keyword
564,warranty,service,,0.3571428571428571,False,keyword
565,lens,camera,,0.0,False,keyword
566,service,service,,0.0,False,keyword
567,ui,software,,0.0,False,keyword
568,ui,software,,0.0,False,keyword
569,durability,build_quality,,1.0,False,keyword
570,ui,software,,0.0,False,keyword
571,ui,software,,0.0,False,keyword
572,general,general,,-0.30000000000000004,False,fallback
573,general,general,,0.0,False,fallback
574,app,software,,0.1,False,keyword
575,sound,sound,,0.4,False,keyword
575,quality,build_quality,,0.4,False,keyword
576,camera,camera,,1.0,False,keyword
576,quality,build_quality,,0.0,False,keyword
576,price,price_value,,1.0,False,keyword
576,app,software,,1.0,False,keyword
576,hot,cooling,,0.0,False,keyword
577,performance,performance,,0.6,False,keyword
577,anc,sound,,1.0,False,keyword
577,cooling,cooling,,1.0,False,keyword
578,general,general,,-0.5,False,fallback
579,build,build_quality,,0.0,False,keyword
579,service,service,,0.5,False,keyword
579,ui,software,,0.0,False,keyword
580,general,general,,-0.5,False,fallback
581,expensive,price_value,,-0.04999999999999999,False,keyword
582,processor,performance,,0.0,False,keyword
583,service,service,,0.6000000000000001,False,keyword
584,general,general,,0.2523809523809524,False,fallback
585,general,general,,-0.06666666666666665,False,fallback
586,build,build_quality,,0.0,False,keyword
586,service,service,,0.5,False,keyword
586,ui,software,,0.0,False,keyword
587,service,service,,0.6000000000000001,False,keyword
588,power,battery,,0.20833333333333334,False,keyword
589,lightweight,design,,1.0,False,keyword
590,general,general,,0.2857142857142857,False,fallback
591,general,general,,0.2523809523809524,False,fallback
592,battery,battery,,0.35,False,keyword
592,camera,camera,,0.5,False,keyword
592,screen,display,,0.18333333333333335,False,keyword
592,quality,build_quality,,0.18333333333333335,False,keyword
593,durability,build_quality,,1.0,False,keyword
594,battery,battery,,0.35,False,keyword
594,camera,camera,,0.5,False,keyword
594,screen,display,,0.18333333333333335,False,keyword
594,quality,build_quality,,0.18333333333333335,False,keyword
595,battery,battery,,0.125,False,keyword
595,fast,performance,,0.15,False,keyword
595,app,software,,-0.4625,False,keyword
596,camera,camera,,1.0,False,keyword
596,quality,build_quality,,0.0,False,keyword
596,price,price_value,,1.0,False,keyword
596,app,software,,1.0,False,keyword
596,hot,cooling,,0.0,False,keyword
597,screen,display,,0.09999999999999999,False,keyword
598,power,battery,,0.20833333333333334,False,keyword
599,software,software,,0.1,False,keyword
600,app,software,,0.1,False,keyword
601,camera,camera,,1.0,False,keyword
601,quality,build_quality,,0.0,False,keyword
601,price,price_value,,1.0,False,keyword
601,app,software,,1.0,False,keyword
601,hot,cooling,,0.0,False,keyword
602,battery,battery,,0.125,False,keyword
602,fast,performance,,0.15,False,keyword
602,app,software,,-0.4625,False,keyword
603,quality,build_quality,,-0.4,False,keyword
604,ui,software,,0.0,False,keyword
605,camera,camera,,0.0,False,keyword
605,value,price_value,,0.0,False,keyword
606,quality,build_quality,,-0.15,False,keyword
606,packaging,delivery,,0.7,False,keyword
607,general,general,,0.0,False,fallback
608,fan,cooling,,-0.04999999999999999,False,keyword
609,camera,camera,,0.0,False,keyword
609,value,price_value,,0.0,False,keyword
610,ui,software,,0.08,False,keyword
611,performance,performance,,0.6,False,keyword
611,anc,sound,,1.0,False,keyword
611,cooling,cooling,,1.0,False,keyword
612,display,display,,-0.2,False,keyword
613,display,display,,0.4333333333333333,False,keyword
614,delivery,delivery,,0.0,False,keyword
615,general,general,,-0.06666666666666665,False,fallback
616,battery,battery,,0.2,False,keyword
616,camera,camera,,0.2,False,keyword
616,performance,performance,,0.2,False,keyword
616,anc,sound,,0.2,False,keyword
617,battery,battery,,0.6666666666666667,False,keyword
618,camera,camera,,0.0,False,keyword
618,value,price_value,,0.0,False,keyword
619,battery,battery,,0.35,False,keyword
619,camera,camera,,0.5,False,keyword
619,screen,display,,0.18333333333333335,False,keyword
619,quality,build_quality,,0.18333333333333335,False,keyword
620,ui,software,,0.0,False,keyword
621,ui,software,,0.35714285714285715,False,keyword
622,quality,build_quality,,-0.4,False,keyword
623,general,general,,-0.5,False,fallback
624,general,general,,0.2523809523809524,False,fallback
625,general,general,,-1.0,False,fallback
626,ui,software,,0.08,False,keyword
627,power,battery,,0.20833333333333334,False,keyword
628,lens,camera,,0.0,False,keyword
629,performance,performance,,0.6,False,keyword
629,anc,sound,,1.0,False,keyword
629,cooling,cooling,,1.0,False,keyword
630,noise cancellation,sound,,1.0,False,keyword
631,ui,software,,0.08,False,keyword
632,sound,sound,,0.4,False,keyword
632,quality,build_quality,,0.4,False,keyword
633,general,general,,0.0,False,fallback
634,general,general,,0.0,False,fallback
635,camera,camera,,1.0,False,keyword
635,quality,build_quality,,0.0,False,keyword
635,price,price_value,,1.0,False,keyword
635,app,software,,1.0,False,keyword
635,hot,cooling,,0.0,False,keyword
636,fan,cooling,,-0.04999999999999999,False,keyword
637,camera,camera,,0.0,False,keyword
637,value,price_value,,0.0,False,keyword
638,value,price_value,,0.9,False,keyword
639,service,service,,0.6000000000000001,False,keyword
640,design,design,,0.5,False,keyword
641,screen,display,,0.09999999999999999,False,keyword
642,screen,display,,0.09999999999999999,False,keyword
643,fast,performance,,0.5,False,keyword
643,delivery,delivery,,0.5,False,keyword
644,lightweight,design,,1.0,False,keyword
645,battery,battery,,0.6666666666666667,False,keyword
646,value,price_value,,0.9,False,keyword
647,screen,display,,0.09999999999999999,False,keyword
648,performance,performance,,0.6666666666666666,False,keyword
648,anc,sound,,0.6666666666666666,False,keyword
648,build,build_quality,,0.6458333333333333,False,keyword
648,ui,software,,0.6458333333333333,False,keyword
649,service,service,,0.0,False,keyword
650,sound,sound,,0.3833333333333333,False,keyword
650,quality,build_quality,,0.3833333333333333,False,keyword
650,worth,price_value,,0.09999999999999999,False,keyword
651,design,design,,0.5,False,keyword
652,value,price_value,,0.9,False,keyword
653,software,software,,0.1,False,keyword
654,service,service,,0.0,False,keyword
655,ui,software,,0.22499999999999998,False,keyword
655,cooling,cooling,,0.9,False,keyword
656,general,general,,-0.4000000000000001,False,fallback
657,expensive,price_value,,-0.04999999999999999,False,keyword
658,value,price_value,,0.9,False,keyword
659,expensive,price_value,,-0.04999999999999999,False,keyword
660,os,software,,0.0,False,keyword
661,camera,camera,,1.0,False,keyword
661,quality,build_quality,,0.0,False,keyword
661,price,price_value,,1.0,False,keyword
661,app,software,,1.0,False,keyword
661,hot,cooling,,0.0,False,keyword
662,screen,display,,0.09999999999999999,False,keyword
663,performance,performance,,0.27499999999999997,False,keyword
663,anc,sound,,0.27499999999999997,False,keyword
664,display,display,,0.5,False,keyword
664,speaker,sound,,-1.0,False,keyword
664,quality,build_quality,,-1.0,False,keyword
664,overheat,cooling,,-1.0,False,keyword
664,design,design,,0.5,False,keyword
665,value,price_value,,0.9,False,keyword
666,camera,camera,,0.0,False,keyword
666,value,price_value,,0.0,False,keyword
667,service,service,,0.6000000000000001,False,keyword
668,performance,performance,,0.27499999999999997,False,keyword
668,anc,sound,,0.27499999999999997,False,keyword
669,power,battery,,0.20833333333333334,False,keyword
670,warranty,service,,0.3571428571428571,False,keyword
671,ui,software,,0.08,False,keyword
672,ui,software,,0.08,False,keyword
673,fast,performance,,0.5,False,keyword
673,delivery,delivery,,0.5,False,keyword
674,quality,build_quality,,-0.15,False,keyword
674,packaging,delivery,,0.7,False,keyword
675,general,general,,-0.06666666666666665,False,fallback
676,general,general,,0.2523809523809524,False,fallback
677,software,software,,0.7,False,keyword
678,camera,camera,,0.5,False,keyword
678,quality,build_quality,,0.75,False,keyword
678,hot,cooling,,0.4,False,keyword
679,software,software,,0.1,False,keyword
680,camera,camera,,1.0,False,keyword
680,quality,build_quality,,0.0,False,keyword
680,price,price_value,,1.0,False,keyword
680,app,software,,1.0,False,keyword
680,hot,cooling,,0.0,False,keyword
681,performance,performance,,0.6,False,keyword
681,anc,sound,,1.0,False,keyword
681,cooling,cooling,,1.0,False,keyword
682,premium,build_quality,,0.5,False,keyword
682,price,price_value,,0.5,False,keyword
683,durability,build_quality,,1.0,False,keyword
684,general,general,,-0.06666666666666665,False,fallback
685,battery,battery,,0.35,False,keyword
685,camera,camera,,0.5,False,keyword
685,screen,display,,0.18333333333333335,False,keyword
685,quality,build_quality,,0.18333333333333335,False,keyword
686,service,service,,0.0,False,keyword
687,ui,software,,0.35714285714285715,False,keyword
688,general,general,,0.2857142857142857,False,fallback
689,general,general,,0.2523809523809524,False,fallback
690,performance,performance,,0.6666666666666666,False,keyword
690,anc,sound,,0.6666666666666666,False,keyword
690,build,build_quality,,0.6458333333333333,False,keyword
690,ui,software,,0.6458333333333333,False,keyword
691,expensive,price_value,,-0.04999999999999999,False,keyword
692,camera,camera,,1.0,False,keyword
692,quality,build_quality,,0.0,False,keyword
692,price,price_value,,1.0,False,keyword
692,app,software,,1.0,False,keyword
692,hot,cooling,,0.0,False,keyword
693,sound,sound,,0.3833333333333333,False,keyword
693,quality,build_quality,,0.3833333333333333,False,keyword
693,worth,price_value,,0.09999999999999999,False,keyword
694,quality,build_quality,,-0.4,False,keyword
695,sound,sound,,0.5499999999999999,False,keyword
695,quality,build_quality,,0.5499999999999999,False,keyword
695,price,price_value,,0.2,False,keyword
696,software,software,,0.7,False,keyword
697,fast,performance,,0.5,False,keyword
697,delivery,delivery,,0.5,False,keyword
698,battery,battery,,0.35,False,keyword
698,camera,camera,,0.5,False,keyword
698,screen,display,,0.18333333333333335,False,keyword
698,quality,build_quality,,0.18333333333333335,False,keyword
699,general,general,,-0.30000000000000004,False,fallback
700,power,battery,,0.20833333333333334,False,keyword
701,sound,sound,,0.4,False,keyword
701,quality,build_quality,,0.4,False,keyword
702,general,general,,-1.0,False,fallback
703,camera,camera,,0.0,False,keyword
703,value,price_value,,0.0,False,keyword
704,battery,battery,,0.2,False,keyword
704,camera,camera,,0.2,False,keyword
704,performance,performance,,0.2,False,keyword
704,anc,sound,,0.2,False,keyword
705,general,general,,0.0,False,fallback
706,app,software,,0.1,False,keyword
707,power,battery,,0.20833333333333334,False,keyword
708,service,service,,0.6000000000000001,False,keyword
709,general,general,,-1.0,False,fallback
710,performance,performance,,0.6666666666666666,False,keyword
710,anc,sound,,0.6666666666666666,False,keyword
710,build,build_quality,,0.6458333333333333,False,keyword
710,ui,software,,0.6458333333333333,False,keyword
711,os,software,,0.0,False,keyword
712,ui,software,,0.08,False,keyword
713,app,software,,0.1,False,keyword
714,display,display,,0.5,False,keyword
714,speaker,sound,,-1.0,False,keyword
714,quality,build_quality,,-1.0,False,keyword
714,overheat,cooling,,-1.0,False,keyword
714,design,design,,0.5,False,keyword
715,price,price_value,,0.25,False,keyword
716,price,price_value,,0.25,False,keyword
717,general,general,,-0.4000000000000001,False,fallback
718,lightweight,design,,1.0,False,keyword
719,value,price_value,,0.9,False,keyword
720,ui,software,,0.0,False,keyword
721,performance,performance,,0.6,False,keyword
721,anc,sound,,1.0,False,keyword
721,cooling,cooling,,1.0,False,keyword
722,build,build_quality,,0.0,False,keyword
722,service,service,,0.5,False,keyword
722,ui,software,,0.0,False,keyword
723,display,display,,-0.2,False,keyword
724,service,service,,0.6000000000000001,False,keyword
725,battery,battery,,0.6666666666666667,False,keyword
726,battery,battery,,0.6666666666666667,False,keyword
727,display,display,,0.4333333333333333,False,keyword
728,display,display,,0.5,False,keyword
728,speaker,sound,,-1.0,False,keyword
728,quality,build_quality,,-1.0,False,keyword
728,overheat,cooling,,-1.0,False,keyword
728,design,design,,0.5,False,keyword
729,ui,software,,0.0,False,keyword
730,camera,camera,,1.0,False,keyword
730,quality,build_quality,,0.0,False,keyword
730,price,price_value,,1.0,False,keyword
730,app,software,,1.0,False,keyword
730,hot,cooling,,0.0,False,keyword
731,general,general,,0.2857142857142857,False,fallback
732,service,service,,0.0,False,keyword
733,sound,sound,,0.5499999999999999,False,keyword
733,quality,build_quality,,0.5499999999999999,False,keyword
733,price,price_value,,0.2,False,keyword
734,performance,performance,,0.27499999999999997,False,keyword
734,anc,sound,,0.27499999999999997,False,keyword
735,delivery,delivery,,0.0,False,keyword
736,battery,battery,,0.35,False,keyword
736,camera,camera,,0.5,False,keyword
736,screen,display,,0.18333333333333335,False,keyword
736,quality,build_quality,,0.18333333333333335,False,keyword
737,design,design,,0.5,False,keyword
738,camera,camera,,0.0,False,keyword
738,value,price_value,,0.0,False,keyword
739,general,general,,-0.5,False,fallback
740,general,general,,-0.06666666666666665,False,fallback
741,value,price_value,,0.9,False,keyword
742,general,general,,-0.4000000000000001,False,fallback
743,battery,battery,,0.6666666666666667,False,keyword
744,service,service,,0.0,False,keyword
745,general,general,,0.2523809523809524,False,fallback
746,general,general,,-0.4000000000000001,False,fallback
747,screen,display,,0.09999999999999999,False,keyword
748,value,price_value,,0.9,False,keyword
749,battery,battery,,0.6666666666666667,False,keyword
750,design,design,,0.5,False,keyword
751,durability,build_quality,,1.0,False,keyword
752,os,software,,0.0,False,keyword
753,battery,battery,,0.2,False,keyword
753,camera,camera,,0.2,False,keyword
753,performance,performance,,0.2,False,keyword
753,anc,sound,,0.2,False,keyword
754,delivery,delivery,,0.0,False,keyword
755,lag,performance,,0.0,False,keyword
756,fan,cooling,,-0.04999999999999999,False,keyword
757,os,software,,0.0,False,keyword
758,value,price_value,,0.9,False,keyword
759,fan,cooling,,-0.04999999999999999,False,keyword
760,battery,battery,,0.0,False,keyword
760,fast,performance,,0.0,False,keyword
761,sound,sound,,0.4,False,keyword
761,quality,build_quality,,0.4,False,keyword
762,lightweight,design,,1.0,False,keyword
763,camera,camera,,0.0,False,keyword
763,value,price_value,,0.0,False,keyword
764,general,general,,0.2857142857142857,False,fallback
765,noise cancellation,sound,,1.0,False,keyword
766,camera,camera,,0.5,False,keyword
766,quality,build_quality,,0.75,False,keyword
766,hot,cooling,,0.4,False,keyword
767,processor,performance,,0.0,False,keyword
768,performance,performance,,0.6,False,keyword
768,anc,sound,,1.0,False,keyword
768,cooling,cooling,,1.0,False,keyword
769,performance,performance,,0.6,False,keyword
769,anc,sound,,1.0,False,keyword
769,cooling,cooling,,1.0,False,keyword
770,lens,camera,,0.0,False,keyword
771,noise cancellation,sound,,1.0,False,keyword
772,price,price_value,,0.25,False,keyword
773,quality,build_quality,,-0.15,False,keyword
773,packaging,delivery,,0.7,False,keyword
774,service,service,,0.6000000000000001,False,keyword
775,display,display,,0.4333333333333333,False,keyword
776,delivery,delivery,,0.0,False,keyword
777,battery,battery,,0.0,False,keyword
777,fast,performance,,0.0,False,keyword
778,general,general,,0.2857142857142857,False,fallback
779,build,build_quality,,0.0,False,keyword
779,service,service,,0.5,False,keyword
779,ui,software,,0.0,False,keyword
780,power,battery,,0.20833333333333334,False,keyword
781,general,general,,0.0,False,fallback
782,sound,sound,,0.3833333333333333,False,keyword
782,quality,build_quality,,0.3833333333333333,False,keyword
782,worth,price_value,,0.09999999999999999,False,keyword
783,software,software,,0.1,False,keyword
784,performance,performance,,0.27499999999999997,False,keyword
784,anc,sound,,0.27499999999999997,False,keyword
785,battery,battery,,0.125,False,keyword
785,fast,performance,,0.15,False,keyword
785,app,software,,-0.4625,False,keyword
786,overheat,cooling,,0.075,False,keyword
787,software,software,,0.1,False,keyword
788,price,price_value,,0.25,False,keyword
789,battery,battery,,0.125,False,keyword
789,fast,performance,,0.15,False,keyword
789,app,software,,-0.4625,False,keyword
790,lens,camera,,0.0,False,keyword
791,delivery,delivery,,0.0,False,keyword
792,ui,software,,0.35714285714285715,False,keyword
793,screen,display,,0.15,False,keyword
793,quality,build_quality,,-0.425,False,keyword
794,build,build_quality,,0.0,False,keyword
794,service,service,,0.5,False,keyword
794,ui,software,,0.0,False,keyword
795,camera,camera,,0.5,False,keyword
795,quality,build_quality,,0.75,False,keyword
795,hot,cooling,,0.4,False,keyword
796,lag,performance,,0.0,False,keyword
797,app,software,,0.1,False,keyword
798,camera,camera,,1.0,False,keyword
798,quality,build_quality,,0.0,False,keyword
798,price,price_value,,1.0,False,keyword
798,app,software,,1.0,False,keyword
798,hot,cooling,,0.0,False,keyword
799,general,general,,-0.30000000000000004,False,fallback
800,fast,performance,,0.5,False,keyword
800,delivery,delivery,,0.5,False,keyword
801,camera,camera,,0.5,False,keyword
801,quality,build_quality,,0.75,False,keyword
801,hot,cooling,,0.4,False,keyword
802,sound,sound,,0.3833333333333333,False,keyword
802,quality,build_quality,,0.3833333333333333,False,keyword
802,worth,price_value,,0.09999999999999999,False,keyword
803,general,general,,0.0,False,fallback
804,fan,cooling,,-0.04999999999999999,False,keyword
805,ui,software,,0.35714285714285715,False,keyword
806,fan,cooling,,-0.04999999999999999,False,keyword
807,ui,software,,0.08,False,keyword
808,screen,display,,0.09999999999999999,False,keyword
809,screen,display,,0.09999999999999999,False,keyword
810,quality,build_quality,,-0.15,False,keyword
810,packaging,delivery,,0.7,False,keyword
811,battery,battery,,0.6666666666666667,False,keyword
812,general,general,,-1.0,False,fallback
813,general,general,,0.0,False,fallback
814,price,price_value,,0.25,False,keyword
815,sound,sound,,0.4,False,keyword
815,quality,build_quality,,0.4,False,keyword
816,ui,software,,0.0,False,keyword
817,ui,software,,0.0,False,keyword
818,delivery,delivery,,0.0,False,keyword
819,general,general,,0.2523809523809524,False,fallback
820,app,software,,0.1,False,keyword
821,lens,camera,,0.0,False,keyword
822,battery,battery,,0.35,False,keyword
822,camera,camera,,0.5,False,keyword
822,screen,display,,0.18333333333333335,False,keyword
822,quality,build_quality,,0.18333333333333335,False,keyword
823,software,software,,0.1,False,keyword
824,battery,battery,,0.6666666666666667,False,keyword
825,general,general,,-0.5,False,fallback
826,general,general,,0.2523809523809524,False,fallback
827,battery,battery,,0.125,False,keyword
827,fast,performance,,0.15,False,keyword
827,app,software,,-0.4625,False,keyword
828,delivery,delivery,,0.0,False,keyword
829,power,battery,,0.20833333333333334,False,keyword
830,general,general,,0.0,False,fallback
831,lens,camera,,0.0,False,keyword
832,service,service,,0.6000000000000001,False,keyword
833,performance,performance,,0.6,False,keyword
833,anc,sound,,1.0,False,keyword
833,cooling,cooling,,1.0,False,keyword
834,performance,performance,,0.6666666666666666,False,keyword
834,anc,sound,,0.6666666666666666,False,keyword
834,build,build_quality,,0.6458333333333333,False,keyword
834,ui,software,,0.6458333333333333,False,keyword
835,price,price_value,,0.25,False,keyword
836,quality,build_quality,,-0.4,False,keyword
837,build,build_quality,,0.0,False,keyword
837,service,service,,0.5,False,keyword
837,ui,software,,0.0,False,keyword
838,sound,sound,,0.5499999999999999,False,keyword
838,quality,build_quality,,0.5499999999999999,False,keyword
838,price,price_value,,0.2,False,keyword
839,general,general,,0.2523809523809524,False,fallback
840,screen,display,,0.15,False,keyword
840,quality,build_quality,,-0.425,False,keyword
841,processor,performance,,0.0,False,keyword
842,general,general,,0.0,False,fallback
843,general,general,,-0.30000000000000004,False,fallback
844,camera,camera,,1.0,False,keyword
844,quality,build_quality,,0.0,False,keyword
844,price,price_value,,1.0,False,keyword
844,app,software,,1.0,False,keyword
844,hot,cooling,,0.0,False,keyword
845,display,display,,-0.2,False,keyword
846,lightweight,design,,1.0,False,keyword
847,lightweight,design,,1.0,False,keyword
848,delivery,delivery,,0.0,False,keyword
849,sound,sound,,0.4,False,keyword
849,quality,build_quality,,0.4,False,keyword
850,battery,battery,,0.125,False,keyword
850,fast,performance,,0.15,False,keyword
850,app,software,,-0.4625,False,keyword
851,general,general,,-0.4000000000000001,False,fallback
852,screen,display,,0.15,False,keyword
852,quality,build_quality,,-0.425,False,keyword
853,battery,battery,,0.2,False,keyword
853,camera,camera,,0.2,False,keyword
853,performance,performance,,0.2,False,keyword
853,anc,sound,,0.2,False,keyword
854,general,general,,0.2523809523809524,False,fallback
855,service,service,,0.6000000000000001,False,keyword
856,ui,software,,0.35714285714285715,False,keyword
857,price,price_value,,0.25,False,keyword
858,durability,build_quality,,1.0,False,keyword
859,os,software,,0.0,False,keyword
860,build,build_quality,,0.0,False,keyword
860,service,service,,0.5,False,keyword
860,ui,software,,0.0,False,keyword
861,price,price_value,,0.25,False,keyword
862,performance,performance,,0.6,False,keyword
862,anc,sound,,1.0,False,keyword
862,cooling,cooling,,1.0,False,keyword
863,screen,display,,0.15,False,keyword
863,quality,build_quality,,-0.425,False,keyword
864,app,software,,0.1,False,keyword
865,lag,performance,,0.0,False,keyword
866,noise cancellation,sound,,1.0,False,keyword
867,quality,build_quality,,-0.15,False,keyword
867,packaging,delivery,,0.7,False,keyword
868,build,build_quality,,0.0,False,keyword
868,price,price_value,,0.0,False,keyword
868,ui,software,,0.0,False,keyword
869,software,software,,0.1,False,keyword
870,quality,build_quality,,-0.15,False,keyword
870,packaging,delivery,,0.7,False,keyword
871,lightweight,design,,1.0,False,keyword
872,lightweight,design,,1.0,False,keyword
873,expensive,price_value,,-0.04999999999999999,False,keyword
874,general,general,,0.0,False,fallback
875,general,general,,0.2857142857142857,False,fallback
876,fan,cooling,,-0.04999999999999999,False,keyword
877,service,service,,0.6000000000000001,False,keyword
878,quality,build_quality,,-0.4,False,keyword
879,charging,battery,,-0.30000000000000004,False,keyword
879,speed,performance,,-0.30000000000000004,False,keyword
879,build,build_quality,,0.0,False,keyword
879,app,software,,-0.30000000000000004,False,keyword
879,lightweight,design,,0.0,False,keyword
880,battery,battery,,0.6666666666666667,False,keyword
881,build,build_quality,,0.0,False,keyword
881,price,price_value,,0.0,False,keyword
881,ui,software,,0.0,False,keyword
882,performance,performance,,0.6,False,keyword
882,anc,sound,,1.0,False,keyword
882,cooling,cooling,,1.0,False,keyword
883,general,general,,-0.4000000000000001,False,fallback
884,overheat,cooling,,0.075,False,keyword
885,screen,display,,0.15,False,keyword
885,quality,build_quality,,-0.425,False,keyword
886,design,design,,0.5,False,keyword
887,service,service,,0.6000000000000001,False,keyword
888,screen,display,,0.15,False,keyword
888,quality,build_quality,,-0.425,False,keyword
889,general,general,,0.0,False,fallback
890,premium,build_quality,,0.5,False,keyword
890,price,price_value,,0.5,False,keyword
891,general,general,,-0.5,False,fallback
892,price,price_value,,0.25,False,keyword
893,quality,build_quality,,0.63,False,keyword
894,general,general,,-0.5,False,fallback
895,sound,sound,,0.3833333333333333,False,keyword
895,quality,build_quality,,0.3833333333333333,False,keyword
895,worth,price_value,,0.09999999999999999,False,keyword
896,ui,software,,0.08,False,keyword
897,battery,battery,,0.2,False,keyword
897,camera,camera,,0.2,False,keyword
897,performance,performance,,0.2,False,keyword
897,anc,sound,,0.2,False,keyword
898,lightweight,design,,1.0,False,keyword
899,service,service,,0.6000000000000001,False,keyword
900,performance,performance,,0.27499999999999997,False,keyword
900,anc,sound,,0.27499999999999997,False,keyword
901,general,general,,-0.4000000000000001,False,fallback
902,app,software,,0.1,False,keyword
903,general,general,,-0.5,False,fallback
904,camera,camera,,0.5,False,keyword
904,quality,build_quality,,0.75,False,keyword
904,hot,cooling,,0.4,False,keyword
905,general,general,,0.0,False,fallback
906,performance,performance,,0.6,False,keyword
906,anc,sound,,1.0,False,keyword
906,cooling,cooling,,1.0,False,keyword
907,service,service,,0.0,False,keyword
908,sound,sound,,0.5499999999999999,False,keyword
908,quality,build_quality,,0.5499999999999999,False,keyword
908,price,price_value,,0.2,False,keyword
909,price,price_value,,0.25,False,keyword
910,camera,camera,,0.0,False,keyword
910,value,price_value,,0.0,False,keyword
911,picture,camera,,0.0,False,keyword
911,quality,build_quality,,0.21428571428571427,False,keyword
911,interface,software,,-0.0928571428571429,False,keyword
912,performance,performance,,0.27499999999999997,False,keyword
912,anc,sound,,0.27499999999999997,False,keyword
913,quality,build_quality,,-0.4,False,keyword
914,noise cancellation,sound,,1.0,False,keyword
915,camera,camera,,1.0,False,keyword
915,quality,build_quality,,0.0,False,keyword
915,price,price_value,,1.0,False,keyword
915,app,software,,1.0,False,keyword
915,hot,cooling,,0.0,False,keyword
916,display,display,,0.5,False,keyword
916,speaker,sound,,-1.0,False,keyword
916,quality,build_quality,,-1.0,False,keyword
916,overheat,cooling,,-1.0,False,keyword
916,design,design,,0.5,False,keyword
917,overheat,cooling,,0.075,False,keyword
918,software,software,,0.1,False,keyword
919,durability,build_quality,,1.0,False,keyword
920,app,software,,0.1,False,keyword
921,camera,camera,,1.0,False,keyword
921,quality,build_quality,,0.0,False,keyword
921,price,price_value,,1.0,False,keyword
921,app,software,,1.0,False,keyword
921,hot,cooling,,0.0,False,keyword
922,ui,software,,0.0,False,keyword
923,quality,build_quality,,-0.15,False,keyword
923,packaging,delivery,,0.7,False,keyword
924,noise cancellation,sound,,1.0,False,keyword
925,processor,performance,,0.0,False,keyword
926,delivery,delivery,,0.0,False,keyword
927,ui,software,,0.22499999999999998,False,keyword
927,cooling,cooling,,0.9,False,keyword
928,ui,software,,0.08,False,keyword
929,build,build_quality,,0.0,False,keyword
929,price,price_value,,0.0,False,keyword
929,ui,software,,0.0,False,keyword
930,general,general,,-0.5,False,fallback
931,power,battery,,0.20833333333333334,False,keyword
932,general,general,,-0.30000000000000004,False,fallback
933,ui,software,,0.08,False,keyword
934,camera,camera,,0.5,False,keyword
934,quality,build_quality,,0.75,False,keyword
934,hot,cooling,,0.4,False,keyword
935,battery,battery,,0.0,False,keyword
935,fast,performance,,0.0,False,keyword
936,screen,display,,0.09999999999999999,False,keyword
937,warranty,service,,0.3571428571428571,False,keyword
938,design,design,,0.5,False,keyword
939,general,general,,-0.06666666666666665,False,fallback
940,build,build_quality,,0.0,False,keyword
940,service,service,,0.5,False,keyword
940,ui,software,,0.0,False,keyword
941,sound,sound,,0.4,False,keyword
941,quality,build_quality,,0.4,False,keyword
942,lens,camera,,0.0,False,keyword
943,sound,sound,,0.4,False,keyword
943,quality,build_quality,,0.4,False,keyword
944,general,general,,-0.06666666666666665,False,fallback
945,sound,sound,,0.3833333333333333,False,keyword
945,quality,build_quality,,0.3833333333333333,False,keyword
945,worth,price_value,,0.09999999999999999,False,keyword
946,build,build_quality,,0.0,False,keyword
946,service,service,,0.5,False,keyword
946,ui,software,,0.0,False,keyword
947,general,general,,-1.0,False,fallback
948,camera,camera,,0.5,False,keyword
948,quality,build_quality,,0.75,False,keyword
948,hot,cooling,,0.4,False,keyword
949,general,general,,-0.06666666666666665,False,fallback
950,performance,performance,,0.6666666666666666,False,keyword
950,anc,sound,,0.6666666666666666,False,keyword
950,build,build_quality,,0.6458333333333333,False,keyword
950,ui,software,,0.6458333333333333,False,keyword
951,design,design,,0.5,False,keyword
952,general,general,,0.2523809523809524,False,fallback
953,price,price_value,,0.25,False,keyword
954,premium,build_quality,,0.5,False,keyword
954,price,price_value,,0.5,False,keyword
955,battery,battery,,0.0,False,keyword
955,fast,performance,,0.0,False,keyword
956,os,software,,0.0,False,keyword
957,ui,software,,0.0,False,keyword
958,quality,build_quality,,0.63,False,keyword
959,sound,sound,,0.5499999999999999,False,keyword
959,quality,build_quality,,0.5499999999999999,False,keyword
959,price,price_value,,0.2,False,keyword
960,build,build_quality,,0.4,False,keyword
960,price,price_value,,0.3,False,keyword
960,ui,software,,0.4,False,keyword
961,app,software,,0.1,False,keyword
962,general,general,,0.2523809523809524,False,fallback
963,general,general,,-0.4000000000000001,False,fallback
964,screen,display,,0.15,False,keyword
964,quality,build_quality,,-0.425,False,keyword
965,general,general,,0.0,False,fallback
966,quality,build_quality,,0.63,False,keyword
967,power,battery,,0.20833333333333334,False,keyword
968,camera,camera,,0.0,False,keyword
968,value,price_value,,0.0,False,keyword
969,general,general,,-0.5,False,fallback
970,service,service,,0.6000000000000001,False,keyword
971,general,general,,-0.06666666666666665,False,fallback
972,ui,software,,0.0,False,keyword
973,lightweight,design,,1.0,False,keyword
974,battery,battery,,0.6666666666666667,False,keyword
975,power,battery,,0.20833333333333334,False,keyword
976,battery,battery,,0.0,False,keyword
976,fast,performance,,0.0,False,keyword
977,service,service,,0.6000000000000001,False,keyword
978,screen,display,,0.15,False,keyword
978,quality,build_quality,,-0.425,False,keyword
979,lag,performance,,0.0,False,keyword
980,overheat,cooling,,0.075,False,keyword
981,general,general,,-0.30000000000000004,False,fallback
982,camera,camera,,0.5,False,keyword
982,quality,build_quality,,0.75,False,keyword
982,hot,cooling,,0.4,False,keyword
983,quality,build_quality,,-0.4,False,keyword
984,general,general,,0.0,False,fallback
985,overheat,cooling,,0.075,False,keyword
986,display,display,,-0.2,False,keyword
987,camera,camera,,0.5,False,keyword
987,quality,build_quality,,0.75,False,keyword
987,hot,cooling,,0.4,False,keyword
988,overheat,cooling,,0.075,False,keyword
989,price,price_value,,0.25,False,keyword
990,service,service,,0.6000000000000001,False,keyword
991,general,general,,-0.30000000000000004,False,fallback
992,quality,build_quality,,0.63,False,keyword
993,durability,build_quality,,1.0,False,keyword
994,ui,software,,0.0,False,keyword
995,app,software,,0.1,False,keyword
996,quality,build_quality,,-0.4,False,keyword
997,fast,performance,,0.5,False,keyword
997,delivery,delivery,,0.5,False,keyword
998,camera,camera,,0.0,False,keyword
998,value,price_value,,0.0,False,keyword
999,build,build_quality,,0.4,False,keyword
999,price,price_value,,0.3,False,keyword
999,ui,software,,0.4,False,keyword
1000,camera,camera,,0.5,False,keyword
1000,quality,build_quality,,0.75,False,keyword
1000,hot,cooling,,0.4,False,keyword
1001,fast,performance,,0.5,False,keyword
1001,delivery,delivery,,0.5,False,keyword
1002,service,service,,0.0,False,keyword
1003,battery,battery,,0.6666666666666667,False,keyword
1004,camera,camera,,0.5,False,keyword
1004,quality,build_quality,,0.75,False,keyword
1004,hot,cooling,,0.4,False,keyword
1005,expensive,price_value,,-0.04999999999999999,False,keyword
1006,sound,sound,,0.5499999999999999,False,keyword
1006,quality,build_quality,,0.5499999999999999,False,keyword
1006,price,price_value,,0.2,False,keyword
1007,sound,sound,,0.3833333333333333,False,keyword
1007,quality,build_quality,,0.3833333333333333,False,keyword
1007,worth,price_value,,0.09999999999999999,False,keyword
1008,build,build_quality,,0.0,False,keyword
1008,service,service,,0.5,False,keyword
1008,ui,software,,0.0,False,keyword
1009,build,build_quality,,0.0,False,keyword
1009,price,price_value,,0.0,False,keyword
1009,ui,software,,0.0,False,keyword
1010,ui,software,,0.35714285714285715,False,keyword
1011,ui,software,,0.0,False,keyword
1012,expensive,price_value,,-0.04999999999999999,False,keyword
1013,durability,build_quality,,1.0,False,keyword
1014,lag,performance,,0.0,False,keyword
1015,battery,battery,,0.0,False,keyword
1015,fast,performance,,0.0,False,keyword
1016,performance,performance,,0.6,False,keyword
1016,anc,sound,,1.0,False,keyword
1016,cooling,cooling,,1.0,False,keyword
1017,software,software,,0.7,False,keyword
1018,lightweight,design,,1.0,False,keyword
1019,lens,camera,,0.0,False,keyword
1020,screen,display,,0.15,False,keyword
1020,quality,build_quality,,-0.425,False,keyword
1021,performance,performance,,0.27499999999999997,False,keyword
1021,anc,sound,,0.27499999999999997,False,keyword
1022,general,general,,0.2857142857142857,False,fallback
1023,service,service,,0.0,False,keyword
1024,noise cancellation,sound,,1.0,False,keyword
1025,screen,display,,0.15,False,keyword
1025,quality,build_quality,,-0.425,False,keyword
1026,display,display,,0.4333333333333333,False,keyword
1027,battery,battery,,0.6666666666666667,False,keyword
1028,durability,build_quality,,1.0,False,keyword
1029,app,software,,0.1,False,keyword
1030,battery,battery,,0.35,False,keyword
1030,camera,camera,,0.5,False,keyword
1030,screen,display,,0.18333333333333335,False,keyword
1030,quality,build_quality,,0.18333333333333335,False,keyword
1031,general,general,,0.2857142857142857,False,fallback
1032,sound,sound,,0.4,False,keyword
1032,quality,build_quality,,0.4,False,keyword
1033,lag,performance,,0.0,False,keyword
1034,general,general,,-0.06666666666666665,False,fallback
1035,service,service,,0.0,False,keyword
1036,ui,software,,0.08,False,keyword
1037,general,general,,0.2523809523809524,False,fallback
1038,general,general,,0.0,False,fallback
1039,general,general,,0.2857142857142857,False,fallback
1040,general,general,,-0.06666666666666665,False,fallback
1041,quality,build_quality,,-0.4,False,keyword
1042,os,software,,0.0,False,keyword
1043,camera,camera,,0.5,False,keyword
1043,quality,build_quality,,0.75,False,keyword
1043,hot,cooling,,0.4,False,keyword
1044,display,display,,0.4333333333333333,False,keyword
1045,power,battery,,0.20833333333333334,False,keyword
1046,sound,sound,,0.3833333333333333,False,keyword
1046,quality,build_quality,,0.3833333333333333,False,keyword
1046,worth,price_value,,0.09999999999999999,False,keyword
1047,value,price_value,,0.9,False,keyword
1048,general,general,,-0.5,False,fallback
1049,ui,software,,0.0,False,keyword
1050,screen,display,,0.09999999999999999,False,keyword
1051,lightweight,design,,1.0,False,keyword
1052,delivery,delivery,,0.0,False,keyword
1053,premium,build_quality,,0.5,False,keyword
1053,price,price_value,,0.5,False,keyword
1054,ui,software,,0.35714285714285715,False,keyword
1055,software,software,,0.1,False,keyword
1056,performance,performance,,0.6,False,keyword
1056,anc,sound,,1.0,False,keyword
1056,cooling,cooling,,1.0,False,keyword
1057,fan,cooling,,-0.04999999999999999,False,keyword
1058,overheat,cooling,,0.075,False,keyword
1059,lightweight,design,,1.0,False,keyword
1060,fast,performance,,0.5,False,keyword
1060,delivery,delivery,,0.5,False,keyword
1061,general,general,,0.2857142857142857,False,fallback
1062,display,display,,0.4333333333333333,False,keyword
1063,battery,battery,,0.6666666666666667,False,keyword
1064,ui,software,,0.35714285714285715,False,keyword
1065,build,build_quality,,0.0,False,keyword
1065,service,service,,0.5,False,keyword
1065,ui,software,,0.0,False,keyword
1066,service,service,,0.6000000000000001,False,keyword
1067,service,service,,0.6000000000000001,False,keyword
1068,software,software,,0.7,False,keyword
1069,service,service,,0.0,False,keyword
1070,quality,build_quality,,-0.4,False,keyword
1071,sound,sound,,0.5499999999999999,False,keyword
1071,quality,build_quality,,0.5499999999999999,False,keyword
1071,price,price_value,,0.2,False,keyword
1072,software,software,,0.7,False,keyword
1073,general,general,,0.0,False,fallback
1074,power,battery,,0.20833333333333334,False,keyword
1075,general,general,,0.2857142857142857,False,fallback
1076,performance,performance,,0.6,False,keyword
1076,anc,sound,,1.0,False,keyword
1076,cooling,cooling,,1.0,False,keyword
1077,durability,build_quality,,1.0,False,keyword
1078,battery,battery,,0.125,False,keyword
1078,fast,performance,,0.15,False,keyword
1078,app,software,,-0.4625,False,keyword
1079,build,build_quality,,0.0,False,keyword
1079,price,price_value,,0.0,False,keyword
1079,ui,software,,0.0,False,keyword
1080,delivery,delivery,,0.0,False,keyword
1081,sound,sound,,0.3833333333333333,False,keyword
1081,quality,build_quality,,0.3833333333333333,False,keyword
1081,worth,price_value,,0.09999999999999999,False,keyword
1082,delivery,delivery,,0.0,False,keyword
1083,sound,sound,,0.3833333333333333,False,keyword
1083,quality,build_quality,,0.3833333333333333,False,keyword
1083,worth,price_value,,0.09999999999999999,False,keyword
1084,performance,performance,,0.27499999999999997,False,keyword
1084,anc,sound,,0.27499999999999997,False,keyword
1085,fast,performance,,0.5,False,keyword
1085,delivery,delivery,,0.5,False,keyword
1086,service,service,,0.0,False,keyword
1087,performance,performance,,0.6666666666666666,False,keyword
1087,anc,sound,,0.6666666666666666,False,keyword
1087,build,build_quality,,0.6458333333333333,False,keyword
1087,ui,software,,0.6458333333333333,False,keyword
1088,general,general,,0.2857142857142857,False,fallback
1089,ui,software,,0.08,False,keyword
1090,overheat,cooling,,0.075,False,keyword
1091,camera,camera,,1.0,False,keyword
1091,quality,build_quality,,0.0,False,keyword
1091,price,price_value,,1.0,False,keyword
1091,app,software,,1.0,False,keyword
1091,hot,cooling,,0.0,False,keyword
1092,ui,software,,0.22499999999999998,False,keyword
1092,cooling,cooling,,0.9,False,keyword
1093,display,display,,0.4333333333333333,False,keyword
1094,general,general,,-0.30000000000000004,False,fallback
1095,general,general,,-0.06666666666666665,False,fallback
1096,lag,performance,,0.0,False,keyword
1097,general,general,,0.0,False,fallback
1098,performance,performance,,0.6666666666666666,False,keyword
1098,anc,sound,,0.6666666666666666,False,keyword
1098,build,build_quality,,0.6458333333333333,False,keyword
1098,ui,software,,0.6458333333333333,False,keyword
1099,build,build_quality,,0.0,False,keyword
1099,price,price_value,,0.0,False,keyword
1099,ui,software,,0.0,False,keyword
1100,performance,performance,,0.6666666666666666,False,keyword
1100,anc,sound,,0.6666666666666666,False,keyword
1100,build,build_quality,,0.6458333333333333,False,keyword
1100,ui,software,,0.6458333333333333,False,keyword
1101,quality,build_quality,,-0.4,False,keyword
1102,fan,cooling,,-0.04999999999999999,False,keyword
1103,camera,camera,,0.0,False,keyword
1103,value,price_value,,0.0,False,keyword
1104,general,general,,0.0,False,fallback
1105,power,battery,,0.20833333333333334,False,keyword
1106,lightweight,design,,1.0,False,keyword
1107,sound,sound,,0.3833333333333333,False,keyword
1107,quality,build_quality,,0.3833333333333333,False,keyword
1107,worth,price_value,,0.09999999999999999,False,keyword
1108,lightweight,design,,1.0,False,keyword
1109,delivery,delivery,,0.0,False,keyword
1110,build,build_quality,,0.0,False,keyword
1110,price,price_value,,0.0,False,keyword
1110,ui,software,,0.0,False,keyword
1111,premium,build_quality,,0.5,False,keyword
1111,price,price_value,,0.5,False,keyword
1112,battery,battery,,0.6666666666666667,False,keyword
1113,quality,build_quality,,-0.15,False,keyword
1113,packaging,delivery,,0.7,False,keyword
1114,noise cancellation,sound,,1.0,False,keyword
1115,app,software,,0.1,False,keyword
1116,build,build_quality,,0.4,False,keyword
1116,price,price_value,,0.3,False,keyword
1116,ui,software,,0.4,False,keyword
1117,camera,camera,,0.0,False,keyword
1117,value,price_value,,0.0,False,keyword
1118,build,build_quality,,0.4,False,keyword
1118,price,price_value,,0.3,False,keyword
1118,ui,software,,0.4,False,keyword
1119,quality,build_quality,,-0.15,False,keyword
1119,packaging,delivery,,0.7,False,keyword
1120,camera,camera,,0.5,False,keyword
1120,quality,build_quality,,0.75,False,keyword
1120,hot,cooling,,0.4,False,keyword
1121,general,general,,-1.0,False,fallback
1122,ui,software,,0.35714285714285715,False,keyword
1123,performance,performance,,0.6666666666666666,False,keyword
1123,anc,sound,,0.6666666666666666,False,keyword
1123,build,build_quality,,0.6458333333333333,False,keyword
1123,ui,software,,0.6458333333333333,False,keyword
1124,general,general,,0.2857142857142857,False,fallback
1125,performance,performance,,0.27499999999999997,False,keyword
1125,anc,sound,,0.27499999999999997,False,keyword
1126,fan,cooling,,-0.04999999999999999,False,keyword
1127,lens,camera,,0.0,False,keyword
1128,ui,software,,0.08,False,keyword
1129,general,general,,0.2523809523809524,False,fallback
1130,software,software,,0.1,False,keyword
1131,performance,performance,,0.27499999999999997,False,keyword
1131,anc,sound,,0.27499999999999997,False,keyword
1132,software,software,,0.1,False,keyword
1133,sound,sound,,0.4,False,keyword
1133,quality,build_quality,,0.4,False,keyword
1134,service,service,,0.0,False,keyword
1135,performance,performance,,0.6,False,keyword
1135,anc,sound,,1.0,False,keyword
1135,cooling,cooling,,1.0,False,keyword
1136,service,service,,0.6000000000000001,False,keyword
1137,screen,display,,0.09999999999999999,False,keyword
1138,battery,battery,,0.35,False,keyword
1138,camera,camera,,0.5,False,keyword
1138,screen,display,,0.18333333333333335,False,keyword
1138,quality,build_quality,,0.18333333333333335,False,keyword
1139,battery,battery,,0.125,False,keyword
1139,fast,performance,,0.15,False,keyword
1139,app,software,,-0.4625,False,keyword
1140,general,general,,-0.06666666666666665,False,fallback
1141,build,build_quality,,0.4,False,keyword
1141,price,price_value,,0.3,False,keyword
1141,ui,software,,0.4,False,keyword
1142,durability,build_quality,,1.0,False,keyword
1143,power,battery,,0.20833333333333334,False,keyword
1144,battery,battery,,0.0,False,keyword
1144,fast,performance,,0.0,False,keyword
1145,general,general,,-0.30000000000000004,False,fallback
1146,quality,build_quality,,0.63,False,keyword
1147,fast,performance,,0.5,False,keyword
1147,delivery,delivery,,0.5,False,keyword
1148,value,price_value,,0.9,False,keyword
1149,overheat,cooling,,0.075,False,keyword
1150,camera,camera,,0.5,False,keyword
1150,quality,build_quality,,0.75,False,keyword
1150,hot,cooling,,0.4,False,keyword
1151,quality,build_quality,,-0.4,False,keyword
1152,battery,battery,,0.2,False,keyword
1152,camera,camera,,0.2,False,keyword
1152,performance,performance,,0.2,False,keyword
1152,anc,sound,,0.2,False,keyword
1153,app,software,,0.1,False,keyword
1154,performance,performance,,0.6,False,keyword
1154,anc,sound,,1.0,False,keyword
1154,cooling,cooling,,1.0,False,keyword
1155,lag,performance,,0.0,False,keyword
1156,app,software,,0.1,False,keyword
1157,power,battery,,0.20833333333333334,False,keyword
1158,performance,performance,,0.6666666666666666,False,keyword
1158,anc,sound,,0.6666666666666666,False,keyword
1158,build,build_quality,,0.6458333333333333,False,keyword
1158,ui,software,,0.6458333333333333,False,keyword
1159,app,software,,0.1,False,keyword
1160,overheat,cooling,,0.075,False,keyword
1161,design,design,,0.5,False,keyword
1162,ui,software,,0.0,False,keyword
1163,software,software,,0.7,False,keyword
1164,power,battery,,0.20833333333333334,False,keyword
1165,camera,camera,,0.5,False,keyword
1165,quality,build_quality,,0.75,False,keyword
1165,hot,cooling,,0.4,False,keyword
1166,lens,camera,,0.0,False,keyword
1167,battery,battery,,0.125,False,keyword
1167,fast,performance,,0.15,False,keyword
1167,app,software,,-0.4625,False,keyword
1168,general,general,,0.0,False,fallback
1169,general,general,,-0.30000000000000004,False,fallback
1170,software,software,,0.7,False,keyword
1171,ui,software,,0.35714285714285715,False,keyword
1172,camera,camera,,0.0,False,keyword
1172,value,price_value,,0.0,False,keyword
1173,price,price_value,,0.25,False,keyword
1174,overheat,cooling,,0.075,False,keyword
1175,battery,battery,,0.0,False,keyword
1175,fast,performance,,0.0,False,keyword
1176,service,service,,0.0,False,keyword
1177,ui,software,,0.0,False,keyword
1178,display,display,,-0.2,False,keyword
1179,general,general,,-0.06666666666666665,False,fallback
1180,performance,performance,,0.6666666666666666,False,keyword
1180,anc,sound,,0.6666666666666666,False,keyword
1180,build,build_quality,,0.6458333333333333,False,keyword
1180,ui,software,,0.6458333333333333,False,keyword
1181,ui,software,,0.0,False,keyword
1182,display,display,,0.5,False,keyword
1182,speaker,sound,,-1.0,False,keyword
1182,quality,build_quality,,-1.0,False,keyword
1182,overheat,cooling,,-1.0,False,keyword
1182,design,design,,0.5,False,keyword
1183,performance,performance,,0.6,False,keyword
1183,anc,sound,,1.0,False,keyword
1183,cooling,cooling,,1.0,False,keyword
1184,display,display,,0.5,False,keyword
1184,speaker,sound,,-1.0,False,keyword
1184,quality,build_quality,,-1.0,False,keyword
1184,overheat,cooling,,-1.0,False,keyword
1184,design,design,,0.5,False,keyword
1185,performance,performance,,0.6666666666666666,False,keyword
1185,anc,sound,,0.6666666666666666,False,keyword
1185,build,build_quality,,0.6458333333333333,False,keyword
1185,ui,software,,0.6458333333333333,False,keyword
1186,screen,display,,0.09999999999999999,False,keyword
1187,overheat,cooling,,0.075,False,keyword
1188,ui,software,,0.08,False,keyword
1189,app,software,,0.1,False,keyword
1190,fan,cooling,,-0.04999999999999999,False,keyword
1191,lens,camera,,0.0,False,keyword
1192,sound,sound,,0.3833333333333333,False,keyword
1192,quality,build_quality,,0.3833333333333333,False,keyword
1192,worth,price_value,,0.09999999999999999,False,keyword
1193,design,design,,0.5,False,keyword
1194,sound,sound,,0.3833333333333333,False,keyword
1194,quality,build_quality,,0.3833333333333333,False,keyword
1194,worth,price_value,,0.09999999999999999,False,keyword
1195,screen,display,,0.09999999999999999,False,keyword
1196,power,battery,,0.20833333333333334,False,keyword
1197,sound,sound,,0.4,False,keyword
1197,quality,build_quality,,0.4,False,keyword
1198,warranty,service,,0.3571428571428571,False,keyword
1199,build,build_quality,,0.0,False,keyword
1199,service,service,,0.5,False,keyword
1199,ui,software,,0.0,False,keyword
1200,display,display,,0.4333333333333333,False,keyword
1201,performance,performance,,0.6,False,keyword
1201,anc,sound,,1.0,False,keyword
1201,cooling,cooling,,1.0,False,keyword
1202,noise cancellation,sound,,1.0,False,keyword
1203,lightweight,design,,1.0,False,keyword
1204,camera,camera,,0.0,False,keyword
1204,value,price_value,,0.0,False,keyword
1205,camera,camera,,0.5,False,keyword
1205,quality,build_quality,,0.75,False,keyword
1205,hot,cooling,,0.4,False,keyword
1206,sound,sound,,0.4,False,keyword
1206,quality,build_quality,,0.4,False,keyword
1207,general,general,,-0.30000000000000004,False,fallback
1208,general,general,,-0.5,False,fallback
1209,build,build_quality,,0.0,False,keyword
1209,price,price_value,,0.0,False,keyword
1209,ui,software,,0.0,False,keyword
1210,general,general,,0.2857142857142857,False,fallback
1211,battery,battery,,0.125,False,keyword
1211,fast,performance,,0.15,False,keyword
1211,app,software,,-0.4625,False,keyword
1212,performance,performance,,0.6,False,keyword
1212,anc,sound,,1.0,False,keyword
1212,cooling,cooling,,1.0,False,keyword
1213,value,price_value,,0.9,False,keyword
1214,quality,build_quality,,-0.4,False,keyword
1215,quality,build_quality,,-0.4,False,keyword
1216,sound,sound,,0.3833333333333333,False,keyword
1216,quality,build_quality,,0.3833333333333333,False,keyword
1216,worth,price_value,,0.09999999999999999,False,keyword
1217,service,service,,0.6000000000000001,False,keyword
1218,overheat,cooling,,0.075,False,keyword
1219,lens,camera,,0.0,False,keyword
1220,noise cancellation,sound,,1.0,False,keyword
1221,ui,software,,0.0,False,keyword
1222,sound,sound,,0.3833333333333333,False,keyword
1222,quality,build_quality,,0.3833333333333333,False,keyword
1222,worth,price_value,,0.09999999999999999,False,keyword
1223,build,build_quality,,0.0,False,keyword
1223,service,service,,0.5,False,keyword
1223,ui,software,,0.0,False,keyword
1224,price,price_value,,0.25,False,keyword
1225,build,build_quality,,0.0,False,keyword
1225,price,price_value,,0.0,False,keyword
1225,ui,software,,0.0,False,keyword
1226,build,build_quality,,0.0,False,keyword
1226,price,price_value,,0.0,False,keyword
1226,ui,software,,0.0,False,keyword
1227,expensive,price_value,,-0.04999999999999999,False,keyword
1228,general,general,,-0.4000000000000001,False,fallback
1229,noise cancellation,sound,,1.0,False,keyword
1230,ui,software,,0.0,False,keyword
1231,overheat,cooling,,0.075,False,keyword
1232,battery,battery,,0.6666666666666667,False,keyword
1233,build,build_quality,,0.0,False,keyword
1233,price,price_value,,0.0,False,keyword
1233,ui,software,,0.0,False,keyword
1234,fan,cooling,,-0.04999999999999999,False,keyword
1235,sound,sound,,0.3833333333333333,False,keyword
1235,quality,build_quality,,0.3833333333333333,False,keyword
1235,worth,price_value,,0.09999999999999999,False,keyword
1236,quality,build_quality,,-0.15,False,keyword
1236,packaging,delivery,,0.7,False,keyword
1237,lens,camera,,0.0,False,keyword
1238,fast,performance,,0.5,False,keyword
1238,delivery,delivery,,0.5,False,keyword
1239,ui,software,,0.0,False,keyword
1240,software,software,,0.7,False,keyword
1241,fast,performance,,0.5,False,keyword
1241,delivery,delivery,,0.5,False,keyword
1242,power,battery,,0.20833333333333334,False,keyword
1243,sound,sound,,0.5499999999999999,False,keyword
1243,quality,build_quality,,0.5499999999999999,False,keyword
1243,price,price_value,,0.2,False,keyword
1244,expensive,price_value,,-0.04999999999999999,False,keyword
1245,general,general,,0.0,False,fallback
1246,software,software,,0.1,False,keyword
1247,lag,performance,,0.0,False,keyword
1248,quality,build_quality,,0.63,False,keyword
1249,screen,display,,0.09999999999999999,False,keyword
1250,general,general,,-1.0,False,fallback
1251,display,display,,0.4333333333333333,False,keyword
1252,fast,performance,,0.5,False,keyword
1252,delivery,delivery,,0.5,False,keyword
1253,os,software,,0.0,False,keyword
1254,general,general,,0.0,False,fallback
1255,software,software,,0.7,False,keyword
1256,expensive,price_value,,-0.04999999999999999,False,keyword
1257,os,software,,0.0,False,keyword
1258,general,general,,0.0,False,fallback
1259,power,battery,,0.20833333333333334,False,keyword
1260,premium,build_quality,,0.5,False,keyword
1260,price,price_value,,0.5,False,keyword
1261,service,service,,0.0,False,keyword
1262,camera,camera,,0.0,False,keyword
1262,value,price_value,,0.0,False,keyword
1263,performance,performance,,0.6666666666666666,False,keyword
1263,anc,sound,,0.6666666666666666,False,keyword
1263,build,build_quality,,0.6458333333333333,False,keyword
1263,ui,software,,0.6458333333333333,False,keyword
1264,camera,camera,,1.0,False,keyword
1264,quality,build_quality,,0.0,False,keyword
1264,price,price_value,,1.0,False,keyword
1264,app,software,,1.0,False,keyword
1264,hot,cooling,,0.0,False,keyword
1265,premium,build_quality,,0.5,False,keyword
1265,price,price_value,,0.5,False,keyword
1266,warranty,service,,0.3571428571428571,False,keyword
1267,power,battery,,0.20833333333333334,False,keyword
1268,general,general,,-1.0,False,fallback
1269,performance,performance,,0.6,False,keyword
1269,anc,sound,,1.0,False,keyword
1269,cooling,cooling,,1.0,False,keyword
1270,quality,build_quality,,-0.15,False,keyword
1270,packaging,delivery,,0.7,False,keyword
1271,value,price_value,,0.9,False,keyword
1272,value,price_value,,0.9,False,keyword
1273,sound,sound,,0.3833333333333333,False,keyword
1273,quality,build_quality,,0.3833333333333333,False,keyword
1273,worth,price_value,,0.09999999999999999,False,keyword
1274,price,price_value,,0.25,False,keyword
1275,general,general,,-1.0,False,fallback
1276,battery,battery,,0.0,False,keyword
1276,fast,performance,,0.0,False,keyword
1277,sound,sound,,0.3833333333333333,False,keyword
1277,quality,build_quality,,0.3833333333333333,False,keyword
1277,worth,price_value,,0.09999999999999999,False,keyword
1278,sound,sound,,0.4,False,keyword
1278,quality,build_quality,,0.4,False,keyword
1279,lag,performance,,0.0,False,keyword
1280,screen,display,,0.15,False,keyword
1280,quality,build_quality,,-0.425,False,keyword
1281,quality,build_quality,,0.63,False,keyword
1282,display,display,,0.4333333333333333,False,keyword
1283,power,battery,,0.20833333333333334,False,keyword
1284,quality,build_quality,,-0.4,False,keyword
1285,performance,performance,,0.27499999999999997,False,keyword
1285,anc,sound,,0.27499999999999997,False,keyword
1286,performance,performance,,0.27499999999999997,False,keyword
1286,anc,sound,,0.27499999999999997,False,keyword
1287,general,general,,0.2857142857142857,False,fallback
1288,app,software,,0.1,False,keyword
1289,premium,build_quality,,0.5,False,keyword
1289,price,price_value,,0.5,False,keyword
1290,general,general,,-0.4000000000000001,False,fallback
1291,camera,camera,,0.0,False,keyword
1291,value,price_value,,0.0,False,keyword
1292,ui,software,,0.35714285714285715,False,keyword
1293,camera,camera,,0.0,False,keyword
1293,value,price_value,,0.0,False,keyword
1294,quality,build_quality,,-0.4,False,keyword
1295,general,general,,0.0,False,fallback
1296,general,general,,-0.4000000000000001,False,fallback
1297,lens,camera,,0.0,False,keyword
1298,display,display,,0.4333333333333333,False,keyword
1299,general,general,,-0.06666666666666665,False,fallback
1300,display,display,,0.4333333333333333,False,keyword
1301,lightweight,design,,1.0,False,keyword
1302,display,display,,-0.2,False,keyword
1303,value,price_value,,0.9,False,keyword
1304,general,general,,0.2523809523809524,False,fallback
1305,general,general,,-0.30000000000000004,False,fallback
1306,build,build_quality,,0.4,False,keyword
1306,price,price_value,,0.3,False,keyword
1306,ui,software,,0.4,False,keyword
1307,delivery,delivery,,0.0,False,keyword
1308,battery,battery,,0.125,False,keyword
1308,fast,performance,,0.15,False,keyword
1308,app,software,,-0.4625,False,keyword
1309,ui,software,,0.35714285714285715,False,keyword
1310,general,general,,-0.5,False,fallback
1311,battery,battery,,0.0,False,keyword
1311,fast,performance,,0.0,False,keyword
1312,general,general,,-0.4000000000000001,False,fallback
1313,general,general,,-0.30000000000000004,False,fallback
1314,camera,camera,,0.5,False,keyword
1314,quality,build_quality,,0.75,False,keyword
1314,hot,cooling,,0.4,False,keyword
1315,camera,camera,,0.5,False,keyword
1315,quality,build_quality,,0.75,False,keyword
1315,hot,cooling,,0.4,False,keyword
1316,delivery,delivery,,0.0,False,keyword
1317,design,design,,0.5,False,keyword
1318,quality,build_quality,,-0.15,False,keyword
1318,packaging,delivery,,0.7,False,keyword
1319,performance,performance,,0.27499999999999997,False,keyword
1319,anc,sound,,0.27499999999999997,False,keyword
1320,general,general,,-0.5,False,fallback
1321,ui,software,,0.0,False,keyword
1322,display,display,,0.4333333333333333,False,keyword
1323,expensive,price_value,,-0.04999999999999999,False,keyword
1324,service,service,,0.6000000000000001,False,keyword
1325,picture,camera,,0.0,False,keyword
1325,quality,build_quality,,0.21428571428571427,False,keyword
1325,interface,software,,-0.0928571428571429,False,keyword
1326,os,software,,0.0,False,keyword
1327,service,service,,0.6000000000000001,False,keyword
