text,source,rating,title,url,sentiment_label,sentiment_confidence,sentiment_unified_expected,emotion_labels,ensemble_label,ensemble_confidence,ensemble_unified_expected,ensemble_all_scores,sarcasm_label,sarcasm_confidence,sarcastic,aspects_found
"Customers find this smartphone to be a premium compact device with a sleek design and superb camera quality that takes good photographs. The phone performs smoothly and offers good value for money. While the battery life receives mixed reviews, with some finding it good while others say it drains quickly, customers report that the device heats up badly during use.",amazon_ai_summary,,,,positive,0.7186117768287659,0.37058253427389937,admiration,positive,0.4485796396899506,0.11144641338795636,"{'very negative': 0.04085687018372916, 'negative': 0.1795852569001333, 'neutral': 0.31317214104941005, 'positive': 0.4485796396899506, 'very positive': 0.01780609217677685}",non_irony,0.7522171139717102,False,"battery,camera,build_quality,price_value,service,software,cooling,design"
"I have been using this phone for a month now and the Samsung Galaxy S24 is a very good phone. If you are someone who is looking to buy a phone in this price range then you probably have the Iphone 15, Pixel 8 series as an alternative option but I would say the Samsung phone experience is the best of the three unless you are into the Apple ecosystem or you want to buy and IPhone cuz it's an IPhone (It's just crazy that many people make decisions like that 😂).Jokes apart, I would say at this price this is probably the best phone in terms of the display, software experience and overall features. The performance is also very good, there are many people who are skeptical about the Exynos chips which is obviously unfair from Samsung to have two versions of the same phone but at least this time the chip is very good and almost as powerful as the SD 8 Gen 3. Yes it is 10-15% less powerful in the CPU department from benchmarks but honestly theses flagship chipsets are so powerful that 90% of the people are not even going to notice the slight difference. I tried playing COD on this phone at max possible settings for 1 hour and the phone was hot but not any more hot than any other phone would get. Yes it did drop the battery which I will get to later but I don't think raw performance is an issue with the Exynos chips this time as the Exynos chips is actually more powerful that the SD 8 Gen 3 in the GPU department. Now coming to the battery this is the only place I am a little disappointed with this phone like if you are a light user who only uses their phone for calls, messages, music on bluetooth you can make the phone work for an entire day but if you are a medium or a heavy user like if you play games, take pictures, videos etc you will definetly drain the battery before the end of the day. In my experience I am a fairly heavy user using bluetooth, mobile hotspot, playing a few light games I always need to charge the phone at around 5 pm. But this is a sacrifice you have to make if you are getting a small phone, now if you are thinking that the IPhone 15 is also a small phone but it has better battery life then that is because the IPhone 15 only has a 60hz display which isen't as smooth the 120hz on all the phones these days and also does not consume a lot of battery like a 120hz display would. I am not that big of a camera bluff so I won't talk about it just want to say that it is a good camera with sharp pictures with good looking colors and camera features (Checkout the images attached). The video is also very good.Overall, the Samsung Galaxy S24 emerges as an impressive smartphone, overshadowing debates about Exynos chip performance differences. Its overall performance, combined with its compact size, makes it a compelling choice for users seeking a premium smartphone experience.Read more",amazon_review,5.0,,,positive,0.27173686027526855,0.5203277945439302,"amusement,admiration",positive,0.4265040683935978,0.31675512688504254,"{'very negative': 0.02498757803325325, 'negative': 0.2255684912264361, 'neutral': 0.08166494601199795, 'positive': 0.4265040683935978, 'very positive': 0.24127491633471493}",non_irony,0.9765313267707825,False,"price_value,software,design"
"This is an updated review :So just moved from S20, which I had for so many years to the new S24. The phone itself is good, everything works fine.. but that's expected. Got the Golden yellow colour and thankfully it's not as flashy as shown in the photos.. this is more of a light cream colour which gives a slight golden shine when seen at particular angles. It's a very decent looking phone.When you use it, the first thing you  notice is that this phone really heats up. It's Samsungs flagship and the heating issue is not limited to just while charging it, even when you use it normally.. the back gets hot. Never faced this with the S20. I feel like am using some cheap Chinese phone...well it won't burn your ear, but yes it's hot enough for one to take note.>>And now after a few more days of usage, the heating issue has disappeared. Even after hours of continuous use it doesn't heat up... not sure what happened.. perhaps some software update.Second is the design. Samsung used to have it's own design team which came up with really innovative stuff.. now they are just copying the iPhone. It literally looks like a Chinese knock off, OK let's give them credit.. it looks like a cheap Korean knock off of the iPhone. Nothing wrong with that, except that if you want to copy then copy something good. Personally the flat edged design is terrible to grasp and feels rigid in the palm. The earlier curved edge ones were so much comfortable to hold. Now you have to hold on to this flat metal frame which heats up.. it's not a pleasant experience. Perhaps they made this for cold weather countries, so you get an inbuilt palm heater with your phone. A phone that keeps your hands warm while in the cold... heaven knows what the designers were thinking!>> Well as I said before the heating issue has gone. As for the shape, I would say it's easier to handle having those flat edges.. it rests easily on the figers while typing etc.. but still you do feel the flat edges when the phone is in your pocket etc.. So the shape is a mixed bag verdict. Personally I prefer smoother edges.The battery drains out fast aswell..  currently it's matching the drainage speed of my old Samsung. Basically you have to have a fast charger around.>> This is the point why I actually decided to edit the review. The phone's software literally optmises battery usage. It continuously adjusts screen brightness levels.. and with time and use, it's getting better at optimising battery performance. For regular usage, with a few hrs of videos and few hrs of games.. it's pulling through the day quiet easily.Honestly I don't know why this phone should cost so much.. for the issues it has, you should easily get a similar cheaper phone in the 20-25k range.>> Doubt it, this phone keeps getting better with usage. Never expected or experienced that before.Camera haven't yet used. My old S20 used to give some amazing results and have used it a lot with manual settings aswell. Wonder if the S24 will be better there.I think I might switch back to the S20.>> Camera still not used to potential. Basic shots are very crisp though.The AI functions are also quiet handy. Just played around till now.. so hopefully like the other aspects will get better with time.🤞Read more",amazon_review,5.0,An amazing compact phone - The Exynos2400 is very good with no issues as with the previous chipsets.,,positive,0.16952961683273315,0.2711222605280248,"admiration,approval",negative,0.5870598371704305,-0.2932860208873818,"{'very negative': 0.08030211509602281, 'negative': 0.5870598371704305, 'neutral': 0.18898156815310238, 'positive': 0.12622093357317615, 'very positive': 0.017435546007268203}",non_irony,0.9113686680793762,False,"camera,display,performance,software,cooling,design"
"Camera – 4.5/5The camera performs really well. It captures great photos even in low-light conditions. Video quality is also impressive and very stable. The phone supports 8K at 30 FPS, and it works smoothly without any issues.Battery – 3/5The battery could have been better. With continuous usage, the battery backup lasts around 5–6 hours, so I usually have to charge the phone twice a day.Performance – 3.5/5Performance has been good so far, and I haven’t faced any major issues with the Exynos processor. However, there is a noticeable heating problem, as the phone tends to get warm quite quickly during heavy use.Display – 5/5The display is next level. It is bright, smooth, and very enjoyable to watch content on. The biometric sensor also works accurately and quickly.Storage – 3/5The 128 GB storage feels quite limited. Recording just 20–30 videos of 1–2 minutes each in UHD 60 FPS almost filled up the storage.Overall:A very good phone with an excellent camera and display, but the battery backup and storage disappointed me a little. Go for 256 GB storage at least..Read more",amazon_review,4.0,,,positive,0.9089860916137695,0.475199485992026,admiration,positive,0.8097196889230756,0.41973311723163015,"{'very negative': 0.006413187819486271, 'negative': 0.020612289170236685, 'neutral': 0.13166222891250454, 'positive': 0.8097196889230756, 'very positive': 0.03159260517469699}",non_irony,0.9727419018745422,False,"battery,camera,performance,sound,build_quality,service,software,cooling"
"I am pleased with the phone, still learning its features.Read more",amazon_review,,"Not flagship material,..but now I think it is!",,positive,0.9297240376472473,0.473283980650282,joy,positive,0.7395349222660942,0.5385114329477405,"{'very negative': 0.006363069471059496, 'negative': 0.01745978069782328, 'neutral': 0.05280529593035847, 'positive': 0.7395349222660942, 'very positive': 0.18383693163466452}",non_irony,0.9573943614959717,False,general
"Bueno, he de decir que el móvil no cumplió mis expectativas.. supuestamente compré un móvil nuevo y me enviaron uno reacondicionado..lo que si puedo decir es que la respuesta del vendedor fue rápida y no tuve ningún inconveniente para realizar la devolución..el reembolso me llegó en 48 horas luego de que el vendedor recepcionara el productoRead more",amazon_review,,Storage should be at least 256GB or more,,very negative,0.25978735089302063,-0.2786844923576662,"disappointment,neutral",negative,0.422225160426571,-0.43632450622018043,"{'very negative': 0.3246685668189804, 'negative': 0.422225160426571, 'neutral': 0.10628840749218141, 'positive': 0.09472244890036352, 'very positive': 0.05209541636190368}",non_irony,0.9475535154342651,False,"service,software"
Everything works good 👍Read more,amazon_review,,,,positive,0.7816406488418579,0.4435318992132781,"approval,admiration",positive,0.6064537151579622,0.5478669025249973,"{'very negative': 0.017205422696809632, 'negative': 0.03205204531700101, 'neutral': 0.06641732652690091, 'positive': 0.6064537151579622, 'very positive': 0.27787149030132624}",irony,0.7633047103881836,True,general
"This is an original phone. But it's the china variant. You will see quite a lot of notifications in chinese randomly.Plus, the biggest let-down is that it does not have eSim option. I kept wondering what the catch was for such low price, and found it during my travel.Read more",amazon_review,,,,very negative,0.029738720506429672,-0.24580278659446156,surprise,negative,0.5406923656958412,-0.2059293563508446,"{'very negative': 0.028541738153233104, 'negative': 0.5406923656958412, 'neutral': 0.26187020168549957, 'positive': 0.1518742596302342, 'very positive': 0.017021434835192}",non_irony,0.9601016640663147,False,"price_value,software"
Display is Ultra HD. The best of best.,flipkart_review,,,https://www.flipkart.com/samsung-galaxy-s24-ultra-5g-titanium-gray-512-gb/product-reviews/itm463827d6eb2be?pid=MOBGX2F3XNW3HK8K,positive,0.39835917949676514,0.2835499183660298,admiration,very positive,0.49153257421700325,0.58752473161375,"{'very negative': 0.017722748110217307, 'negative': 0.03163905832417137, 'neutral': 0.20003675001050858, 'positive': 0.2590688693380995, 'very positive': 0.49153257421700325}",non_irony,0.5745420455932617,False,display
"It's like a perfect smartphone, it is equipped with a good camera (5x telephoto), a great battery, a great display, a great performance and it offers a lot of customization options which I love the most",flipkart_review,,,https://www.flipkart.com/samsung-galaxy-s24-ultra-5g-titanium-gray-512-gb/product-reviews/itm463827d6eb2be?pid=MOBGX2F3XNW3HK8K,positive,0.627174437046051,0.5838894503066216,"admiration,love",very positive,0.5872536396683438,0.7576409532086543,"{'very negative': 0.011204496437664907, 'negative': 0.011241414791587639, 'neutral': 0.015875414354865138, 'positive': 0.3744250347475385, 'very positive': 0.5872536396683438}",non_irony,0.8699060082435608,False,"battery,camera,display,performance,sound,software,cooling"
"Color Titanium Black • RAM 12 GB • Storage 512 GB · Nice performance of camera and other features.. Samsung always great..,",flipkart_review,,,https://www.flipkart.com/samsung-galaxy-s24-ultra-5g-titanium-gray-512-gb/product-reviews/itm463827d6eb2be?pid=MOBGX2F3XNW3HK8K,neutral,0.46768856048583984,0.21943601968819829,admiration,very positive,0.3698123758527887,0.5039653558558733,"{'very negative': 0.01450999430443191, 'negative': 0.03489732709062917, 'neutral': 0.248557027046488, 'positive': 0.33222327570566224, 'very positive': 0.3698123758527887}",non_irony,0.7769461870193481,False,"camera,display,performance,sound"
I appreciate that making the flat display for 24 ultra. As this ultra series provide viewer better,flipkart_review,,,https://www.flipkart.com/samsung-galaxy-s24-ultra-5g-titanium-gray-256-gb/product-reviews/itm12ef5ea0212ed?aid=b32e49f9-79fd-4798-98ad-51dd89a408d0&mid=FLIPKART&fid=762594dc-2923-440e-a27d-41644687550d.MOBGX2F3RQKKKTAW&an=Display&cat=Mobile&vert=Handset,neutral,0.4202324450016022,-0.04138935678926169,admiration,neutral,0.40336385898911176,0.0132115927065862,"{'very negative': 0.02862703282202722, 'negative': 0.280423771206204, 'neutral': 0.40336385898911176, 'positive': 0.21106965170188324, 'very positive': 0.07651568528077379}",irony,0.5790408253669739,True,"display,software"
Phone is fantastic no doubt aboutit . Love it's Display. Surrounding sound quality is at the top,flipkart_review,,,https://www.flipkart.com/samsung-galaxy-s24-ultra-5g-titanium-gray-256-gb/product-reviews/itm12ef5ea0212ed?aid=b32e49f9-79fd-4798-98ad-51dd89a408d0&mid=FLIPKART&fid=762594dc-2923-440e-a27d-41644687550d.MOBGX2F3RQKKKTAW&an=Display&cat=Mobile&vert=Handset,positive,0.5340676307678223,0.6847195971209772,"admiration,love",very positive,0.653111690209902,0.7954465194466758,"{'very negative': 0.008265727296503902, 'negative': 0.009908912469815508, 'neutral': 0.017603644487407685, 'positive': 0.3111100255363709, 'very positive': 0.653111690209902}",non_irony,0.8247092962265015,False,"display,sound,build_quality,cooling"
Galaxy AI is Good initiative yet to improve 4.,flipkart_review,,,https://www.flipkart.com/samsung-galaxy-s24-ultra-5g-titanium-gray-256-gb/product-reviews/itm12ef5ea0212ed?aid=b32e49f9-79fd-4798-98ad-51dd89a408d0&mid=FLIPKART&fid=762594dc-2923-440e-a27d-41644687550d.MOBGX2F3RQKKKTAW&an=Display&cat=Mobile&vert=Handset,positive,0.2200339138507843,0.21649643272051716,admiration,positive,0.3931320491123496,0.19137125164637564,"{'very negative': 0.023538397149791168, 'negative': 0.28070933277981236, 'neutral': 0.1439219303281487, 'positive': 0.3931320491123496, 'very positive': 0.15869829062989818}",irony,0.5477229952812195,True,general
amazing Battery backup SOT upto 6hrs for me Performance top notch although I m not power user. Fully satisfied with s24 ultra.,flipkart_review,,,https://www.flipkart.com/samsung-galaxy-s24-ultra-5g-titanium-gray-1-tb/product-reviews/itm1bb57d54d6473?pid=MOBGX2F3YAKBFZJB&lid=LSTMOBGX2F3YAKBFZJBKRLUS2&aid=af9b0aa9-3e0a-4d59-bbb0-8997e7dcfa92&mid=FLIPKART&fid=0cf84aea-4d7d-4940-945e-a32106acff0c.MOBGX2F3YAKBFZJB&an=Performance&cat=Mobile&vert=Handset,positive,0.5961214303970337,0.5406557514724235,admiration,very positive,0.47458414489175654,0.6724412103821036,"{'very negative': 0.011254364469536308, 'negative': 0.021409105869274705, 'neutral': 0.05312041898039112, 'positive': 0.43963196578904135, 'very positive': 0.47458414489175654}",non_irony,0.969937801361084,False,"battery,performance,sound"
Samsung has nailed it in every department.Camera and video quality is top notch.After intensive phone usage I am getting,flipkart_review,,,https://www.flipkart.com/samsung-galaxy-s24-ultra-5g-titanium-yellow-512-gb/product-reviews/itmc2ea635530e53?pid=MOBH3P4UQRS8EYTB&lid=LSTMOBH3P4UQRS8EYTBXSLBD6&aid=dc0f2b2d-7619-44cc-b5fc-2fe3e4d453a7&mid=FLIPKART&fid=f320fa68-f6f2-4142-87dc-80ba5a82dfa7.MOBH3P4UQRS8EYTB&an=Camera&cat=Mobile&vert=Handset,positive,0.5393646359443665,0.6278144271449407,"admiration,neutral",very positive,0.5964909434044093,0.7440723227536267,"{'very negative': 0.015350488457871578, 'negative': 0.01790418813963941, 'neutral': 0.026486456244262553, 'positive': 0.34376792375381715, 'very positive': 0.5964909434044093}",irony,0.78755784034729,True,"camera,build_quality"
Giving my review after using it almost 50 days.,flipkart_review,,,https://www.flipkart.com/samsung-galaxy-s24-ultra-5g-titanium-orange-256-gb/product-reviews/itmb8642f7449e74?pid=MOBH6S45KUFTSZQY,positive,0.7074716687202454,0.36036339950754664,neutral,positive,0.5367382067708338,0.398452752092407,"{'very negative': 0.04589557101263593, 'negative': 0.04904790131210679, 'neutral': 0.16781515052874402, 'positive': 0.5367382067708338, 'very positive': 0.2005031703756794}",irony,0.6107044219970703,True,software
Awesome Display and Camera. Battery performance is also good.,flipkart_review,,,https://www.flipkart.com/samsung-galaxy-s24-ultra-5g-titanium-orange-256-gb/product-reviews/itmb8642f7449e74?pid=MOBH6S45KUFTSZQY,positive,0.9147433042526245,0.4843815320496817,admiration,positive,0.5693640518489058,0.6768023411209874,"{'very negative': 0.005716649486978325, 'negative': 0.007658126821702426, 'neutral': 0.015595143748049427, 'positive': 0.5693640518489058, 'very positive': 0.401666028094364}",non_irony,0.697261393070221,False,"battery,camera,display,performance,sound"
"What a fantastic mobile it is. Camera is the best, performance is the best, look and feel is very rich. Display is Ultra HD. The best of best.",flipkart_review,,,https://www.flipkart.com/samsung-galaxy-s24-ultra-5g-titanium-orange-256-gb/product-reviews/itmb8642f7449e74?pid=MOBH6S45KUFTSZQY,positive,0.6656302809715271,0.6715407079039769,admiration,very positive,0.7149903795447506,0.8254691514558755,"{'very negative': 0.009786343847537337, 'negative': 0.009737239792115477, 'neutral': 0.01521856550615667, 'positive': 0.25026747130943994, 'very positive': 0.7149903795447506}",non_irony,0.5744319558143616,False,"camera,display,performance,sound,cooling,design"
Superb product great in every aspect. Go for it,flipkart_review,,,https://www.flipkart.com/samsung-galaxy-s24-ultra-5g-titanium-orange-256-gb/product-reviews/itmb8642f7449e74?pid=MOBH6S45KUFTSZQY,positive,0.714078426361084,0.560845310036894,admiration,very positive,0.5432299820164684,0.7412495763300073,"{'very negative': 0.008802112093364458, 'negative': 0.009683240611655822, 'neutral': 0.014958011853048694, 'positive': 0.42332665342546255, 'very positive': 0.5432299820164684}",non_irony,0.8811342716217041,False,general
"Perfect product! Nice performance of camera and other features.. Samsung always great..,",flipkart_review,,,https://www.flipkart.com/samsung-galaxy-s24-ultra-5g-titanium-orange-256-gb/product-reviews/itmb8642f7449e74?pid=MOBH6S45KUFTSZQY,positive,0.8299462795257568,0.47672503124679333,admiration,very positive,0.5061254945991156,0.7159244903724451,"{'very negative': 0.008063127630252022, 'negative': 0.011481688346177833, 'neutral': 0.027123754271113663, 'positive': 0.44720593515334095, 'very positive': 0.5061254945991156}",irony,0.8764486908912659,True,"camera,performance,sound"
"Samsung Galaxy S24 Ultra 5G (Titanium Gray, 256 GB)4.67,575 Ratings & 554 Reviews· 12 GB RAM | 256 GB ROM · 17.27 cm (6.8 inch) Quad HD+ Display · 200MP + 50MP + 12MP + 10MP | 12MP Front Camera · 5000 mAh Battery · Snapdragon 8 Gen 3 Processor · 1 Year Manufacturer Warranty for Device",flipkart_review,,,https://flipkart.com/search?as=off&as-show=on&marketplace=FLIPKART&otracker=search&otracker1=search&q=s24+ultra,neutral,0.9315235614776611,0.0020348805669802277,neutral,neutral,0.5167654064361352,0.2653768924567755,"{'very negative': 0.038225180036486714, 'negative': 0.0376438727236196, 'neutral': 0.5167654064361352, 'positive': 0.16988306389737334, 'very positive': 0.2374824769063853}",non_irony,0.9644953012466431,False,"battery,camera,display,performance,service"
"रिंगके Samsung Galaxy S24 Ultra के लिए · 4.3(9) ₹1,799 · ₹1,999 · 10% off · Special price if bought with this item · Please add at least 1 add-on item to proceed · ADD TO CART · रेटिंग और रिव्यू · Rate Product · 4.6 · ★ · 7,354 Ratings & 567 Reviews ·",flipkart_review,,,https://www.flipkart.com/hi/samsung-galaxy-s24-ultra-5g-titanium-gray-256-gb/p/itm12ef5ea0212ed?pid=MOBGX2F3RQKKKTAW&lid=LSTMOBGX2F3RQKKKTAWDVPBKD&hl_lid=&marketplace=FLIPKART,neutral,0.9382018446922302,0.0008028569965612647,neutral,neutral,0.5564030223977539,-0.01287189298942392,"{'very negative': 0.13963399364677392, 'negative': 0.08574980619027975, 'neutral': 0.5564030223977539, 'positive': 0.09715234802540511, 'very positive': 0.12106082973978732}",non_irony,0.9679295420646667,False,price_value
"Samsung 24 ultra won't disappoint you , but your girlfrien",flipkart_review,,,https://www.flipkart.com/samsung-galaxy-s24-ultra-5g-titanium-gray-1-tb/p/itmc100d5079b099,neutral,0.3690011203289032,0.15372296298005395,"neutral,disappointment",positive,0.3184848919118723,0.26975052581404196,"{'very negative': 0.03466650254433197, 'negative': 0.1566843334599847, 'neutral': 0.2666475229513809, 'positive': 0.3184848919118723, 'very positive': 0.22351674913243014}",non_irony,0.8568511009216309,False,software
"more · Verified buyer · Will it detect aliens in outer space ? No, It cannot detect aliens for now. Maybe in future Samsu",flipkart_review,,,https://www.flipkart.com/samsung-galaxy-s24-ultra-5g-titanium-gray-1-tb/p/itmc100d5079b099,neutral,0.2964010536670685,-0.337000006142005,"confusion,neutral",negative,0.39386415518811135,-0.4012489048546768,"{'very negative': 0.2511570883290287, 'negative': 0.39386415518811135, 'neutral': 0.2835385152403157, 'positive': 0.04919996034827309, 'very positive': 0.02224028089427109}",non_irony,0.9024825692176819,False,general
"more · Verified buyer · can i talk with alien with this phone · Yes, only if they understood ur query and able to receive",flipkart_review,,,https://www.flipkart.com/samsung-galaxy-s24-ultra-5g-titanium-gray-1-tb/p/itmc100d5079b099,neutral,0.30680617690086365,-0.21886577517543893,neutral,negative,0.30743110311886707,-0.35010111950892653,"{'very negative': 0.29378088602881636, 'negative': 0.30743110311886707, 'neutral': 0.2544561712412395, 'positive': 0.09387304306350781, 'very positive': 0.05045879654756947}",non_irony,0.9056119918823242,False,general
"more · Verified buyer · Show all questions & answers · Similar Products · 4.5 · Samsung Galaxy S24+ 5G (Cobalt Violet, 256 GB) 12 GB RAM ·",flipkart_review,,,https://www.flipkart.com/samsung-galaxy-s24-ultra-5g-titanium-gray-1-tb/p/itmc100d5079b099,neutral,0.9058595299720764,0.015596622280631151,neutral,neutral,0.5151666465865735,0.2044829193083613,"{'very negative': 0.0620792810309864, 'negative': 0.0547444741372881, 'neutral': 0.5151666465865735, 'positive': 0.1481503216743204, 'very positive': 0.21985927657083154}",non_irony,0.9574099779129028,False,performance
"Samsung Galaxy S24 Ultra 5G (Titanium Yellow, 256 GB)4.67,466 Ratings & 548 Reviews· 12 GB RAM | 256 GB ROM · 17.27 cm (6.8 inch) Quad HD+ Display · 200MP + 50MP + 12MP + 10MP | 12MP Front Camera · 5000 mAh Battery · Snapdragon 8 Gen 3 Processor · 1 Year Manufacturer Warranty for Device",flipkart_review,,,https://flipkart.com/search?as=off&as-show=on&marketplace=FLIPKART&otracker=search&otracker1=search&q=samsung+s24+ultra,neutral,0.9316307306289673,0.002528085269577526,neutral,neutral,0.5163440746600705,0.26272714720305895,"{'very negative': 0.0402592427363321, 'negative': 0.03857729668122751, 'neutral': 0.5163440746600705, 'positive': 0.16508869528473025, 'very positive': 0.23973069063763966}",non_irony,0.9652248620986938,False,"battery,camera,display,performance,service"
"Maria, 02 Mar 2026How to access recovery mode?Sorry, My last comment to you I didn't explain properly.  To get into recovery mode turn off your phone. Use your phone charging  cable and hook  it to a tablet,  Laptop or computer. Then  hold volume up and power button together and wait for samsung logo to appear and then release volume and power button and your into recovery mode.  But unfortunately February security update removed the wipe cache partition feature. So it only shows wipe data and factory reset.",gsmarena_opinion,,,https://www.gsmarena.com/samsung_galaxy_s24_ultra-reviews-12771.php,neutral,0.3969787061214447,-0.2062738308590154,remorse,negative,0.36047852269467584,-0.46387516763845943,"{'very negative': 0.3167961897383489, 'negative': 0.36047852269467584, 'neutral': 0.2741493616287785, 'positive': 0.03083128498193883, 'very positive': 0.017744640956257954}",non_irony,0.5655630230903625,False,"battery,sound,software"
"Abhy06, 11 Mar 2026Its giving 5hrs SOTInteresting... I still get over 9 hours from 70% (...I keep it between 15% and 85%).Maybe test the battery: Device Care > Diagnostics >  Phone Diagnostics > Battery Status...if everything's OK, it should read ""Normal"" and ""Life: Good"". If not, it might be worth contacting Samsung about it(?)",gsmarena_opinion,,,https://www.gsmarena.com/samsung_galaxy_s24_ultra-reviews-12771.php,neutral,0.9031320810317993,0.012694575731731168,"neutral,curiosity",neutral,0.5413244370683357,-0.27152395680355224,"{'very negative': 0.218537930914012, 'negative': 0.18188992740824783, 'neutral': 0.5413244370683357, 'positive': 0.04057753358964168, 'very positive': 0.017670171019762863}",non_irony,0.9211022257804871,False,"battery,price_value,software"
"SteveUk, 07 Mar 2026I think you may have a battery problem... you shouldn't have to charge your phone multipl...moreIts giving 5hrs SOT",gsmarena_opinion,,,https://www.gsmarena.com/samsung_galaxy_s24_ultra-reviews-12771.php,neutral,0.48029375076293945,-0.05655134732742811,"neutral,caring",negative,0.3392156952563882,-0.3756974423702894,"{'very negative': 0.2576112543025737, 'negative': 0.3392156952563882, 'neutral': 0.3290845113187781, 'positive': 0.04513375912356314, 'very positive': 0.02895477999869682}",non_irony,0.9604055881500244,False,battery
"Marcus, 07 Mar 2026Samsung Galaxy S24 Ultra will eventually get an update on privacy display as well as all A.I n...moreSorry to break your bubble but privacy display wont becoming, its a display technology not a software thing.",gsmarena_opinion,,,https://www.gsmarena.com/samsung_galaxy_s24_ultra-reviews-12771.php,neutral,0.10753104835748672,0.0257147137611992,remorse,negative,0.5420050144649373,-0.35932670917995374,"{'very negative': 0.1553612086730224, 'negative': 0.5420050144649373, 'neutral': 0.19729140071903659, 'positive': 0.07661073883493263, 'very positive': 0.028731637308071014}",non_irony,0.799454391002655,False,"display,software"
This is a good successor for my aging galaxy S20 Ulta,gsmarena_opinion,,,https://www.gsmarena.com/samsung_galaxy_s24_ultra-reviews-12771.php,positive,0.9101096391677856,0.4703455901931015,admiration,positive,0.7078113469039458,0.5615333120094338,"{'very negative': 0.0070680507206928225, 'negative': 0.015367728044337605, 'neutral': 0.04737332103070121, 'positive': 0.7078113469039458, 'very positive': 0.22237955330032255}",non_irony,0.7711007595062256,False,general
"Aadrian, 07 Mar 2026Samsung's on fire with another Google play system update of February and 56MB in size! 
...moreYeah that's surprising! I also received a second update on my S24 FE.",gsmarena_opinion,,,https://www.gsmarena.com/samsung_galaxy_s24_ultra-reviews-12771.php,positive,0.4991219639778137,0.48732614460989426,surprise,positive,0.2868352527088294,-0.030348129725090517,"{'very negative': 0.2674860303818443, 'negative': 0.1309133442911598, 'neutral': 0.15558842617024746, 'positive': 0.2868352527088294, 'very positive': 0.159176946447919}",irony,0.7179299592971802,True,software
Samsung's on fire with another Google play system update of February and 56MB in size!First you ain't getting such patches for half a year or so and now two in a few weeks.,gsmarena_opinion,,,https://www.gsmarena.com/samsung_galaxy_s24_ultra-reviews-12771.php,neutral,0.745294988155365,0.08395818976897922,neutral,neutral,0.3953182995809386,-0.37308302808195504,"{'very negative': 0.3868332670067674, 'negative': 0.11994864460184478, 'neutral': 0.3953182995809386, 'positive': 0.048350455169429214, 'very positive': 0.04954933364102014}",non_irony,0.6810042858123779,False,software
"Abhy06, 03 Mar 2026Samsung S24 Ultra the last true ''Note'' device from Samsung
2 years in s...moreI think you may have a battery problem... you shouldn't have to charge your phone multiple times a day, especially after only 2 years of use? (I've been using my S24U for the last 2 years and the battery is still great... lasts all day, easily 🤔)",gsmarena_opinion,,,https://www.gsmarena.com/samsung_galaxy_s24_ultra-reviews-12771.php,neutral,0.2231702357530594,-0.06529533843478431,"admiration,approval,curiosity",negative,0.435255818357361,-0.13494260221348114,"{'very negative': 0.09417295790791365, 'negative': 0.435255818357361, 'neutral': 0.22715257488263932, 'positive': 0.13312076795794633, 'very positive': 0.11029788089413985}",non_irony,0.9570697546005249,False,battery
Samsung Galaxy S24 Ultra will eventually get an update on privacy display as well as all A.I new features from Galaxy 26 Ultra within the next 5 updates from Android 16 onwards,gsmarena_opinion,,,https://www.gsmarena.com/samsung_galaxy_s24_ultra-reviews-12771.php,neutral,0.9023823142051697,0.020883713902696843,neutral,neutral,0.5290811231537886,0.25203760648250806,"{'very negative': 0.02479152456174383, 'negative': 0.03744704162337608, 'neutral': 0.5290811231537886, 'positive': 0.22625531761030326, 'very positive': 0.18242499305078827}",non_irony,0.7853426933288574,False,"display,software"
"S24 Ultra, the last of the Notes. RiP to the Note Series.",gsmarena_opinion,,,https://www.gsmarena.com/samsung_galaxy_s24_ultra-reviews-12771.php,neutral,0.8296993970870972,0.05001262509375484,neutral,neutral,0.47231325303787003,-0.2984981926702978,"{'very negative': 0.24448041062578865, 'negative': 0.20877466598291478, 'neutral': 0.47231325303787003, 'positive': 0.048124238812956674, 'very positive': 0.02630743154046988}",non_irony,0.9670060276985168,False,general
"Aadrian, 03 Mar 2026I downloaded and installed the February patch, a bit delayed but it arrived after all. No issu...moreDone.",gsmarena_opinion,,,https://www.gsmarena.com/samsung_galaxy_s24_ultra-reviews-12771.php,positive,0.5081266760826111,0.3046427341385167,neutral,very negative,0.33611095114271444,-0.2872330402207711,"{'very negative': 0.33611095114271444, 'negative': 0.2144599118507147, 'neutral': 0.161277920147337, 'positive': 0.2640867000238666, 'very positive': 0.024064516835367408}",non_irony,0.939765989780426,False,delivery
"I downloaded and installed the February patch, a bit delayed but it arrived after all. No issues here.",gsmarena_opinion,,,https://www.gsmarena.com/samsung_galaxy_s24_ultra-reviews-12771.php,positive,0.8412796258926392,0.4308862660136997,"neutral,approval",positive,0.6449252461382953,0.49597197994994524,"{'very negative': 0.017234479891194743, 'negative': 0.03339966149954261, 'neutral': 0.09699694494920374, 'positive': 0.6449252461382953, 'very positive': 0.20744366752176363}",non_irony,0.8680025339126587,False,delivery
"Maggs, 27 Feb 2026The February security update removes the feature wipe cache partition. I got it on my s25 ultr...moreThere is a February 5, 2026, security patch available now, but I'm hesitant to download and install it.",gsmarena_opinion,,,https://www.gsmarena.com/samsung_galaxy_s24_ultra-reviews-12771.php,neutral,0.8472838997840881,0.003568384159672877,neutral,neutral,0.5744749447051314,-0.17079985846637996,"{'very negative': 0.1372979560490934, 'negative': 0.1918924104252913, 'neutral': 0.5744749447051314, 'positive': 0.06778077205025007, 'very positive': 0.028553916770234045}",non_irony,0.9210528135299683,False,software
The last proper flagship designed phone from Samsung!!,gsmarena_opinion,,,https://www.gsmarena.com/samsung_galaxy_s24_ultra-reviews-12771.php,positive,0.6243497133255005,0.6633919973615172,neutral,very positive,0.5254848017407819,0.6186510511059455,"{'very negative': 0.04890691689882127, 'negative': 0.039377062958239936, 'neutral': 0.06270782291594715, 'positive': 0.3235233954862097, 'very positive': 0.5254848017407819}",irony,0.8926175236701965,True,"performance,design"
"Maria, 03 Mar 2026Thanks for the heads-up.
I'm just a regular user, and I'm happy with One UI 8. With...moreI can NOT resize or dismiss the notification choices, just like One UI 8.5.",gsmarena_opinion,,,https://www.gsmarena.com/samsung_galaxy_s24_ultra-reviews-12771.php,neutral,0.42386096715927124,0.25605641213816216,gratitude,neutral,0.32693387923273143,0.06832221424241654,"{'very negative': 0.11400813532738809, 'negative': 0.14927039356799304, 'neutral': 0.32693387923273143, 'positive': 0.3056440910361725, 'very positive': 0.10414350083571489}",non_irony,0.8527840375900269,False,software
"Dream-buddy, 02 Mar 2026If you don't about Root access or custom Rom and flashing it don't play with your de...moreThanks for the heads-up.I'm just a regular user, and I'm happy with One UI 8. With One UI 8, I feel like my battery lasts longer than with One UI 6.1, but that's just how I feel. I can't find the Now Bar feature, and I can resize/dismiss the notification choices.",gsmarena_opinion,,,https://www.gsmarena.com/samsung_galaxy_s24_ultra-reviews-12771.php,very negative,0.05228066071867943,-0.13392701868158569,"gratitude,joy",negative,0.5445919868918991,-0.20956398422549782,"{'very negative': 0.09227588414924334, 'negative': 0.5445919868918991, 'neutral': 0.1434538192347398, 'positive': 0.12934083270884522, 'very positive': 0.09033747701527248}",non_irony,0.9579933285713196,False,"battery,software"
"Samsung S24 Ultra the last true ''Note'' device from Samsung2 years in still going strong, battery has taken a hit though but who cares just charge it multiple times a day.",gsmarena_opinion,,,https://www.gsmarena.com/samsung_galaxy_s24_ultra-reviews-12771.php,neutral,0.22671180963516235,0.13466757544624133,neutral,negative,0.2967559254528229,0.22089334157199114,"{'very negative': 0.018480839186127765, 'negative': 0.2967559254528229, 'neutral': 0.15723953354489936, 'positive': 0.27954311666323917, 'very positive': 0.24798058515291077}",non_irony,0.9526330828666687,False,battery
"GroovyStarlight, 02 Mar 2026I'm in also. I🩷 so love my S24 Ultra, now more than ever. And yes, I do use my S Pen to t...moreI also use this on my S22 Ultra for taking photos because it's damn handy. Using the S-pen as a remote is brilliant.",gsmarena_opinion,,,https://www.gsmarena.com/samsung_galaxy_s24_ultra-reviews-12771.php,positive,0.6119822263717651,0.6096337648433062,"love,admiration",very positive,0.5779473154622378,0.7455013321239042,"{'very negative': 0.01014551127008801, 'negative': 0.01611375455475789, 'neutral': 0.024280608294649467, 'positive': 0.37151281041826684, 'very positive': 0.5779473154622378}",non_irony,0.9300945401191711,False,"camera,software,cooling"
"CamoGeko-XDA, 01 Mar 2026Guys we need to get this amazing phone to 2k upvotes!! It's still the best Ultra phone fr...moreI'm in also. I🩷 so love my S24 Ultra, now more than ever. And yes, I do use my S Pen to take pictures that's why.",gsmarena_opinion,,,https://www.gsmarena.com/samsung_galaxy_s24_ultra-reviews-12771.php,positive,0.872426450252533,0.7220087869484835,"love,admiration",very positive,0.6310799356022593,0.7757791937026343,"{'very negative': 0.009518677176604678, 'negative': 0.013057575607874641, 'neutral': 0.02485036545142734, 'positive': 0.32149344616183406, 'very positive': 0.6310799356022593}",non_irony,0.9638410210609436,False,camera
Pros and cons:Powerful Hardware⋅Improved cameras⋅Slow Charging speed as compared to the competition⋅View full list,smartprix_review,,,https://www.smartprix.com/bytes/samsung-galaxy-s24-ultra-review-a-powerful-and-feature-rich-android-flagship/,neutral,0.8895858526229858,0.03520159702847736,neutral,neutral,0.48390851100392984,0.3693058287531657,"{'very negative': 0.011658735616384685, 'negative': 0.016904739912878514, 'neutral': 0.48390851100392984, 'positive': 0.19622215828163453, 'very positive': 0.2913058551851724}",non_irony,0.8966443538665771,False,"battery,camera,performance,software"
"The tech giant unleashed its AI-powered Galaxy S24 series on January 17th. This Lineup, encompassing the S24 Ultra, S24 Plus, and standard S24, prioritizes AI advancements to simplify life, alongside notable hardware upgrades.",smartprix_review,,,https://www.smartprix.com/bytes/samsung-galaxy-s24-ultra-review-a-powerful-and-feature-rich-android-flagship/,neutral,0.918056309223175,0.02198986631007691,neutral,neutral,0.4836055900186105,0.361946207210482,"{'very negative': 0.020948216136019267, 'negative': 0.02438961196712204, 'neutral': 0.4836055900186105, 'positive': 0.15193470509637186, 'very positive': 0.31912187678187637}",non_irony,0.7333320379257202,False,"battery,sound"
"Initially, I was skeptical of phone-based AI, having witnessed Google’s Pixel 8 (2023) which heavily relies on cloud processing. However, the Galaxy S24 Ultra, Samsung’s phone emphasizing on-device AI, impressed us with its largely offline AI capabilities, prompting us to reconsider our stance. But is it truly the perfect phone? Let’s delve deeper into this comprehensive Samsung Galaxy S24 Ultra review.",smartprix_review,,,https://www.smartprix.com/bytes/samsung-galaxy-s24-ultra-review-a-powerful-and-feature-rich-android-flagship/,positive,0.4104669392108917,0.5117689446341542,"confusion,curiosity",positive,0.38773626885980494,0.48744890975910427,"{'very negative': 0.02234747326774944, 'negative': 0.06329562324312915, 'neutral': 0.17904457441080057, 'positive': 0.38773626885980494, 'very positive': 0.34757606021851584}",non_irony,0.9674839377403259,False,sound
Samsung Galaxy S24 comes in two storage configurations in India-,smartprix_review,,,https://www.smartprix.com/bytes/samsung-galaxy-s24-ultra-review-a-powerful-and-feature-rich-android-flagship/,neutral,0.9186350703239441,0.007316162566204823,neutral,neutral,0.5582592166883156,0.16145297768134376,"{'very negative': 0.05171062277083496, 'negative': 0.06598945522981754, 'neutral': 0.5582592166883156, 'positive': 0.15576475448788885, 'very positive': 0.16827595082314306}",non_irony,0.7893175482749939,False,general
"It is available in Amber Yellow, Cobalt Violet, and Onyx Black shades.",smartprix_review,,,https://www.smartprix.com/bytes/samsung-galaxy-s24-ultra-review-a-powerful-and-feature-rich-android-flagship/,neutral,0.8993919491767883,0.01345984037152558,neutral,neutral,0.5676970436327933,0.22174360339258156,"{'very negative': 0.025493203870277138, 'negative': 0.03560555957226259, 'neutral': 0.5676970436327933, 'positive': 0.21232921175135405, 'very positive': 0.15887498117331297}",non_irony,0.953391969203949,False,general
"For the past couple of years, Samsung’s S-series flagships have adhered to a consistent design philosophy. While the new S24 Ultra might initially resemble its predecessors, the Galaxy S23 Ultra and S22 Ultra, Samsung has implemented some meaningful upgrades that grant it a distinct identity.",smartprix_review,,,https://www.smartprix.com/bytes/samsung-galaxy-s24-ultra-review-a-powerful-and-feature-rich-android-flagship/,neutral,0.6666872501373291,0.07024294929341797,neutral,positive,0.37981328867262876,0.31894596597269803,"{'very negative': 0.021783075122912894, 'negative': 0.04802699487961806, 'neutral': 0.3755407471257347, 'positive': 0.37981328867262876, 'very positive': 0.17483589419910558}",non_irony,0.8378188014030457,False,"performance,software,design"
"Breaking away from tradition, the S24 Ultra features a flat display with slim bezels and subtly curved edges that seamlessly blend into the metallic side rails. This marks the first time since 2015 that a Samsung S flagship doesn’t boast a curved screen.",smartprix_review,,,https://www.smartprix.com/bytes/samsung-galaxy-s24-ultra-review-a-powerful-and-feature-rich-android-flagship/,neutral,0.9005354046821594,0.023099910844891224,neutral,neutral,0.4840721834427374,-0.18036575983897396,"{'very negative': 0.21105930090413125, 'negative': 0.162373332239736, 'neutral': 0.4840721834427374, 'positive': 0.061229952456740205, 'very positive': 0.08126523095665517}",non_irony,0.6173464059829712,False,"display,performance,build_quality"
"Samsung has now upgraded the build material from aluminum to aircraft-grade titanium, resulting in improved rigidity and superior scratch resistance. The flatter screen with subtly tapered edges and a sleek titanium frame contributes to a comfortable in-hand feel. While the S24 Ultra remains a large phone overall, it’s actually 2 grams lighter, 1mm wider, and 0.3mm thinner than its predecessor. If you prefer a more compact option, the Samsung Galaxy S24+ or S24 might be better suited to your needs.",smartprix_review,,,https://www.smartprix.com/bytes/samsung-galaxy-s24-ultra-review-a-powerful-and-feature-rich-android-flagship/,neutral,0.8259879350662231,0.029687465680999097,"neutral,approval",neutral,0.44449240750160957,0.33901523758807794,"{'very negative': 0.01722434080242362, 'negative': 0.022436283639057662, 'neutral': 0.44449240750160957, 'positive': 0.29677849569375764, 'very positive': 0.21906847236315158}",non_irony,0.9522882103919983,False,"display,performance,sound,build_quality,software,design"
"Another significant upgrade this year is the screen protection. The Galaxy S24 Ultra features Corning’s latest Gorilla Glass Armor, which is claimed to be the toughest among its competitors in terms of strength and surpasses its rivals with its reduced reflectivity.",smartprix_review,,,https://www.smartprix.com/bytes/samsung-galaxy-s24-ultra-review-a-powerful-and-feature-rich-android-flagship/,neutral,0.5895095467567444,0.15401379746873528,neutral,very positive,0.330195508135497,0.46578930505862337,"{'very negative': 0.01631821627653458, 'negative': 0.020572078743598617, 'neutral': 0.3085180917014492, 'positive': 0.3243961051429206, 'very positive': 0.330195508135497}",non_irony,0.7334005236625671,False,display
"The familiar physical power key and volume rocker remain on the right edge. While the placement of the speaker grilles and primary microphone has been altered at the bottom edge compared to the previous generation, the phone retains its iconic S Pen slot, tucked away neatly in the bottom left corner. We’ll delve deeper into the design and functionality changes later in the review.",smartprix_review,,,https://www.smartprix.com/bytes/samsung-galaxy-s24-ultra-review-a-powerful-and-feature-rich-android-flagship/,neutral,0.8559518456459045,0.013444502960937505,neutral,neutral,0.598783940310487,0.11798543679991921,"{'very negative': 0.019643068905553104, 'negative': 0.08023883727480022, 'neutral': 0.598783940310487, 'positive': 0.24717245833257448, 'very positive': 0.05416169517658518}",non_irony,0.9408484697341919,False,"battery,sound,design"
"One particularly notable feature is the well-positioned Ultrasonic fingerprint sensor. Unlike some competitors, this sensor is placed in a natural and comfortable location, eliminating the need for awkward thumb contortions. The sensor itself is both fast and accurate, providing a seamless unlocking experience.",smartprix_review,,,https://www.smartprix.com/bytes/samsung-galaxy-s24-ultra-review-a-powerful-and-feature-rich-android-flagship/,positive,0.5140079855918884,0.26919990859071946,"approval,neutral",positive,0.4077398274400811,0.5463888534808208,"{'very negative': 0.016714002026569197, 'negative': 0.023603873079271722, 'neutral': 0.18090741912709263, 'positive': 0.4077398274400811, 'very positive': 0.37103487832698534}",non_irony,0.6844425797462463,False,"performance,software"
"Following the tradition of previous Samsung flagships, the Galaxy S24 Ultra boasts an IP68 rating for dust and water resistance. This means it can withstand being submerged in up to 1.5 meters of water for 30 minutes. However, as with most smartphones, accidental water damage is typically not covered under warranty. It’s always best to exercise caution and avoid exposing your phone to unnecessary risks.",smartprix_review,,,https://www.smartprix.com/bytes/samsung-galaxy-s24-ultra-review-a-powerful-and-feature-rich-android-flagship/,neutral,0.9267129302024841,0.0060083330213097025,caring,neutral,0.6133711504357772,0.15210617677978755,"{'very negative': 0.01399812879587237, 'negative': 0.047426380150446965, 'neutral': 0.6133711504357772, 'positive': 0.27077368993404016, 'very positive': 0.05443065068386331}",non_irony,0.9343945384025574,False,"performance,sound,service,software"
"Samsung has championed the space once again. That’s right, the Samsung Galaxy S24 Ultra boasts off a Dynamic AMOLED LTPO display which is right at the top in most parameters. It’s a 6.8-inch panel offering 1440x3120p pixels resolution in a 19.5:9 aspect ratio.",smartprix_review,,,https://www.smartprix.com/bytes/samsung-galaxy-s24-ultra-review-a-powerful-and-feature-rich-android-flagship/,neutral,0.9204558730125427,0.010253505909099958,"approval,neutral",neutral,0.47374365426706677,0.40874255665917364,"{'very negative': 0.012641153159120738, 'negative': 0.014351218063711318, 'neutral': 0.47374365426706677, 'positive': 0.14140931131990223, 'very positive': 0.35785466319019893}",non_irony,0.5074151754379272,False,"display,performance,software"
"While the Samsung Galaxy S24 Ultra boasts a peak brightness of 2600 nits, which falls short of the OnePlus 12’s claimed 4500 nits, our real-world testing revealed the Galaxy S24 Ultra outperformed the OnePlus 12 in terms of brightness in most lighting conditions, both indoors and outdoors. This suggests factors beyond peak brightness specifications can impact a display’s perceived brightness in everyday use.",smartprix_review,,,https://www.smartprix.com/bytes/samsung-galaxy-s24-ultra-review-a-powerful-and-feature-rich-android-flagship/,neutral,0.9086834788322449,0.012020228622663708,neutral,neutral,0.6294640156279195,0.013826444317703211,"{'very negative': 0.0406325855783435, 'negative': 0.13532946806471696, 'neutral': 0.6294640156279195, 'positive': 0.14490033360122984, 'very positive': 0.04967359712779027}",non_irony,0.9347230792045593,False,"display,software"
"The display also shines in delivering great dynamic range and sharpness. If you consume a lot of content on your handheld device you will really enjoy this screen. Whether you are streaming regular SDR content or HDR 10+ content on OTT apps like Netflix or Prime Videos, the content will appeal to your eyes. Sadly, Samsung continues with its stand against Dolby Vision you can not enjoy that Dolby Vision on this screen.",smartprix_review,,,https://www.smartprix.com/bytes/samsung-galaxy-s24-ultra-review-a-powerful-and-feature-rich-android-flagship/,positive,0.9182649254798889,0.47249531358776287,sadness,positive,0.67661256389725,0.41791439798608926,"{'very negative': 0.01792241667837245, 'negative': 0.057997660608116924, 'neutral': 0.1209379957963655, 'positive': 0.67661256389725, 'very positive': 0.12652936301989517}",non_irony,0.9379663467407227,False,"display,software"
"Verdict TheSamsungGalaxyS24Ultra`s AI features take centre stage, and some of them are quite useful as well. Leave those out, and you`re left with a premium smartphone that comes across as an incremental upgrade but delivers in all aspects — performance, battery life, cameras & more.",91mobiles_review,,,https://www.91mobiles.com/samsung-galaxy-s24-ultra-price-in-india,positive,0.8685186505317688,0.4442264987524104,"neutral,approval",positive,0.6076458673506154,0.34823571430420097,"{'very negative': 0.0327172095419236, 'negative': 0.08017918611524094, 'neutral': 0.1622381537637828, 'positive': 0.6076458673506154, 'very positive': 0.11721958322843734}",non_irony,0.9441638588905334,False,"battery,camera,performance,sound,build_quality,software"
"The Samsung Galaxy S24 Ultra`s AI features take centre stage, and some of them are quite useful as well. Leave those out, and you`re left with a premium smartphone that comes across as an incremental upgrade but delivers in all aspects — performance, battery life, cameras & more. The S Pen & other productivity features make it a powerhouse that should be apt for professionals, creative folks, & power users in general. As long as they can digest the pricing.",91mobiles_review,,,https://www.91mobiles.com/samsung-galaxy-s24-ultra-price-in-india,positive,0.7760014533996582,0.3959202211497808,"neutral,approval",positive,0.6312697281814359,0.4751375634308468,"{'very negative': 0.012160221723654765, 'negative': 0.0317575318458389, 'neutral': 0.13727083126236733, 'positive': 0.6312697281814359, 'very positive': 0.18754168698670304}",non_irony,0.9608631134033203,False,"battery,camera,performance,sound,build_quality,software"
"Jan 18, 2024 ·SamsungGalaxyS24Ultravs Samsung Galaxy S25Ultracomparison based on specs and price. You can also compare performance andreviewsonline to decide which device is best to buy.Jan 18, 2024 ·SamsungGalaxyS24Ultravs Samsung Galaxy S24 Plus 5G comparison based on specs and price. You can also compare performance andreviewsonline to decide which device is best to buy.Jan 18, 2024 ·SamsungGalaxyS24Ultravs OnePlus 13R comparison based on specs and price. You can also compare performance andreviewsonline to decide which device is best to buy.CheckSamsungGalaxyS24UltraAnTuTu, Geekbench, GFXBench and PCMark benchmark scores. Also check the list of alternative smartphones having similar AnTuTu, Geekbench and GFXBench and PCMark benchmark score resultsTanpa melihat adanya fitur AI-nya,SamsungGalaxyS24Ultrahadir dengan sejumlah peningkatan dibanding pendahulunya – ini merupakan sebuah ponsel mewah dengan layar datar dan chip terbaru yang ditingkatkan.Discover the full specifications ofSamsungGalaxyS245G Mobile Phone, including Samsung Exynos 2400, 8 GB RAM, 50 MP + 12 MP + 10 MP Triple Rear Camera, 12 MP Front Camera, 4000 mAh battery & 6.2 inches (15.75 cm) display.",91mobiles_review,,,https://www.91mobiles.com/compare/Samsung/Galaxy+S24+Ultra/vs/Samsung/Galaxy+S25+Ultra.html,neutral,0.936210572719574,0.005240699962636712,neutral,neutral,0.5538809027891062,0.18315576506636652,"{'very negative': 0.046706457978132956, 'negative': 0.05818113753519745, 'neutral': 0.5538809027891062, 'positive': 0.1645574197709304, 'very positive': 0.176674081926633}",non_irony,0.9357832670211792,False,"performance,sound,price_value"
Copy link to bookmark or share with others,91mobiles_review,,,https://www.91mobiles.com/compare/Samsung/Galaxy+S24+Ultra/vs/Samsung/Galaxy+S25+Ultra.html,neutral,0.9251874685287476,0.0031535064003688465,neutral,neutral,0.5916453897371984,0.02824215127335481,"{'very negative': 0.1011336284051131, 'negative': 0.07429668853725198, 'neutral': 0.5916453897371984, 'positive': 0.1328003387466857, 'very positive': 0.10012395457375105}",non_irony,0.9284433126449585,False,general
"While theSamsungGalaxyS24Ultraisn't quite radically different from last year'sGalaxyS23Ultra(Review), there are some noticeable changes. TheGalaxyS24Ultracarries the same overall proportion but with some refinements.",gadgets360_review,,,https://www.gadgets360.com/mobiles/reviews/samsung-galaxy-s24-ultra-review-5085209,positive,0.06335026770830154,0.23062518589263858,neutral,negative,0.48277948862725356,-0.13243397296490303,"{'very negative': 0.008557052225705285, 'negative': 0.48277948862725356, 'neutral': 0.28703512430237715, 'positive': 0.2082310225404701, 'very positive': 0.01339731230419399}",non_irony,0.9684875011444092,False,software
"SamsungGalaxyS24Ultrasmartphone with a dynamic Touchscreen display, Snapdragon 8 Gen 3 processor, and 5000 mAh battery. FindSamsungGalaxyS24Ultralatest price, detailed specs,reviews, ratings, and more.",gadgets360_review,,,https://www.gadgets360.com/samsung-galaxy-s24-ultra-price-in-india-123382,neutral,0.9109417200088501,0.018113624431929147,neutral,neutral,0.46881100308516876,0.4227828208236383,"{'very negative': 0.011927634434065533, 'negative': 0.012802520980986557, 'neutral': 0.46881100308516876, 'positive': 0.1306942515031642, 'very positive': 0.375764589996615}",non_irony,0.9644215703010559,False,"battery,display,performance,price_value"
"TheSamsungGalaxyS24Ultrais literally the phone that goes above and beyond. It's actually the perfect combination of design, technology, and functionality you'll ever find. It's about transforming how you work, create, and play.",gadgets360_review,,,https://www.gadgets360.com/mobiles/sponsored/samsung-galaxy-s24-ultra-is-the-perfect-smartphone-heres-why-7132377,positive,0.8451368808746338,0.7055459108824408,"approval,neutral",very positive,0.703465845229713,0.8290880577616953,"{'very negative': 0.00517119573680363, 'negative': 0.006502018769586895, 'neutral': 0.01677210495673789, 'positive': 0.26808883530715855, 'very positive': 0.703465845229713}",non_irony,0.8820245265960693,False,design
"During a drop test, theSamsungGalaxyS24Ultrawas dropped multiple times from waist height. In the very first fall, the phone's screen got a minor crack in the top right corner.",digit_review,,,https://www.digit.in/news/mobile-phones/samsung-galaxy-s24-ultra-drop-test-reveals-how-tough-it-is.html,neutral,0.9075723886489868,0.003913794068488228,neutral,neutral,0.5008450665673305,-0.3441472876709527,"{'very negative': 0.24679770403331883, 'negative': 0.22861597338859074, 'neutral': 0.5008450665673305, 'positive': 0.013565705908196833, 'very positive': 0.010175550102563095}",non_irony,0.829001784324646,False,display
"SamsungGalaxyA17 5GReview: Small changes, big impact.Best Mobile Phones in 2024:SamsungGalaxyS24Ultra, iPhone 16 Pro Max, Vivo X100 Pro, and more.",digit_review,,,https://www.digit.in/author/dhriti-datta/,neutral,0.7401642203330994,0.08197227521492316,neutral,very positive,0.4469081336378892,0.4896430561469511,"{'very negative': 0.01672923373525858, 'negative': 0.02005121095378722, 'neutral': 0.37733189823063695, 'positive': 0.13897952344242812, 'very positive': 0.4469081336378892}",non_irony,0.9428427815437317,False,general
"SamsungGalaxyS24Ultra5G is available at a massive discount of Rs 52,038 during Flipkart Freedom Sale, bringing price down from Rs 1,29,999 to Rs 80,000.",digit_review,,,https://www.digit.in/news/mobile-phones/samsung-galaxy-s24-ultra-5g-price-drops-by-rs-52038-on-flipkart-during-freedom-sale.html,neutral,0.9386945366859436,0.009469555519262507,neutral,neutral,0.5273792167684358,-0.13595744333382226,"{'very negative': 0.21566317431191404, 'negative': 0.09703131750626746, 'neutral': 0.5273792167684358, 'positive': 0.06340980336431472, 'very positive': 0.09651648804906814}",non_irony,0.8660188913345337,False,price_value
"If you’re a Samsung fan looking for the right time to upgrade your device to a flagship, now could be the perfect moment. The last generation’s top variant, the Samsung Galaxy S24 Ultra 5G, is available at a very attractive price on Flipkart during the Freedom Sale. This means you can save more than Rs 48,000 on the device without even applying for a discount.",digit_review,,,https://www.digit.in/news/mobile-phones/samsung-galaxy-s24-ultra-5g-price-drops-by-rs-52038-on-flipkart-during-freedom-sale.html,neutral,0.8720051050186157,0.03747440293626241,"neutral,approval",neutral,0.47970504077427023,0.3236031929838749,"{'very negative': 0.027368491068084068, 'negative': 0.03568027147570652, 'neutral': 0.47970504077427023, 'positive': 0.17686875378425387, 'very positive': 0.2803774428976853}",non_irony,0.9132655262947083,False,"performance,price_value,software,cooling,design"
"Bt camera of s22u was the best I had S22+ and changed toS24Ultradue to green lines on S22+, and about cameras, the cameras onS24Ultraare way better than the S22+.",web_snippet,,,https://www.gsmarena.com/samsung_galaxy_s24_ultra-reviews-12771.php,neutral,0.650294840335846,0.1448217132508791,neutral,very positive,0.43430359686469217,0.4744300240337402,"{'very negative': 0.02150580242171364, 'negative': 0.039694315824705076, 'neutral': 0.3415375098826608, 'positive': 0.16295877500622835, 'very positive': 0.43430359686469217}",non_irony,0.9653584957122803,False,"camera,software"
"Maria, 02 Mar 2026How to access recovery mode?Sorry, My last comment to you I didn't explain properly.  To get into recovery mode turn off your phone. Use your phone charging  cable and hook  it to a tablet,  Laptop or computer. Then  hold volume up and power button together and wait for samsung logo to appear and then release volume and power button and your into recovery mode.  But unfortunately February security update removed the wipe cache partition feature. So it only shows wipe data and factory reset.",web_review,,,https://www.gsmarena.com/samsung_galaxy_s24_ultra-reviews-12771.php,neutral,0.3969787061214447,-0.2062738308590154,remorse,negative,0.36047852269467584,-0.46387516763845943,"{'very negative': 0.3167961897383489, 'negative': 0.36047852269467584, 'neutral': 0.2741493616287785, 'positive': 0.03083128498193883, 'very positive': 0.017744640956257954}",non_irony,0.5655630230903625,False,"battery,sound,software"
"Abhy06, 11 Mar 2026Its giving 5hrs SOTInteresting... I still get over 9 hours from 70% (...I keep it between 15% and 85%).Maybe test the battery: Device Care > Diagnostics >  Phone Diagnostics > Battery Status...if everything's OK, it should read ""Normal"" and ""Life: Good"". If not, it might be worth contacting Samsung about it(?)",web_review,,,https://www.gsmarena.com/samsung_galaxy_s24_ultra-reviews-12771.php,neutral,0.9031320810317993,0.012694575731731168,"neutral,curiosity",neutral,0.5413244370683357,-0.27152395680355224,"{'very negative': 0.218537930914012, 'negative': 0.18188992740824783, 'neutral': 0.5413244370683357, 'positive': 0.04057753358964168, 'very positive': 0.017670171019762863}",non_irony,0.9211022257804871,False,"battery,price_value,software"
"SteveUk, 07 Mar 2026I think you may have a battery problem... you shouldn't have to charge your phone multipl...moreIts giving 5hrs SOT",web_review,,,https://www.gsmarena.com/samsung_galaxy_s24_ultra-reviews-12771.php,neutral,0.48029375076293945,-0.05655134732742811,"neutral,caring",negative,0.3392156952563882,-0.3756974423702894,"{'very negative': 0.2576112543025737, 'negative': 0.3392156952563882, 'neutral': 0.3290845113187781, 'positive': 0.04513375912356314, 'very positive': 0.02895477999869682}",non_irony,0.9604055881500244,False,battery
"Marcus, 07 Mar 2026Samsung Galaxy S24 Ultra will eventually get an update on privacy display as well as all A.I n...moreSorry to break your bubble but privacy display wont becoming, its a display technology not a software thing.",web_review,,,https://www.gsmarena.com/samsung_galaxy_s24_ultra-reviews-12771.php,neutral,0.10753104835748672,0.0257147137611992,remorse,negative,0.5420050144649373,-0.35932670917995374,"{'very negative': 0.1553612086730224, 'negative': 0.5420050144649373, 'neutral': 0.19729140071903659, 'positive': 0.07661073883493263, 'very positive': 0.028731637308071014}",non_irony,0.799454391002655,False,"display,software"
This is a good successor for my aging galaxy S20 Ulta,web_review,,,https://www.gsmarena.com/samsung_galaxy_s24_ultra-reviews-12771.php,positive,0.9101096391677856,0.4703455901931015,admiration,positive,0.7078113469039458,0.5615333120094338,"{'very negative': 0.0070680507206928225, 'negative': 0.015367728044337605, 'neutral': 0.04737332103070121, 'positive': 0.7078113469039458, 'very positive': 0.22237955330032255}",non_irony,0.7711007595062256,False,general
"Aadrian, 07 Mar 2026Samsung's on fire with another Google play system update of February and 56MB in size! 
...moreYeah that's surprising! I also received a second update on my S24 FE.",web_review,,,https://www.gsmarena.com/samsung_galaxy_s24_ultra-reviews-12771.php,positive,0.4991219639778137,0.48732614460989426,surprise,positive,0.2868352527088294,-0.030348129725090517,"{'very negative': 0.2674860303818443, 'negative': 0.1309133442911598, 'neutral': 0.15558842617024746, 'positive': 0.2868352527088294, 'very positive': 0.159176946447919}",irony,0.7179299592971802,True,software
Samsung's on fire with another Google play system update of February and 56MB in size!First you ain't getting such patches for half a year or so and now two in a few weeks.,web_review,,,https://www.gsmarena.com/samsung_galaxy_s24_ultra-reviews-12771.php,neutral,0.745294988155365,0.08395818976897922,neutral,neutral,0.3953182995809386,-0.37308302808195504,"{'very negative': 0.3868332670067674, 'negative': 0.11994864460184478, 'neutral': 0.3953182995809386, 'positive': 0.048350455169429214, 'very positive': 0.04954933364102014}",non_irony,0.6810042858123779,False,software
"Abhy06, 03 Mar 2026Samsung S24 Ultra the last true ''Note'' device from Samsung
2 years in s...moreI think you may have a battery problem... you shouldn't have to charge your phone multiple times a day, especially after only 2 years of use? (I've been using my S24U for the last 2 years and the battery is still great... lasts all day, easily 🤔)",web_review,,,https://www.gsmarena.com/samsung_galaxy_s24_ultra-reviews-12771.php,neutral,0.2231702357530594,-0.06529533843478431,"admiration,approval,curiosity",negative,0.435255818357361,-0.13494260221348114,"{'very negative': 0.09417295790791365, 'negative': 0.435255818357361, 'neutral': 0.22715257488263932, 'positive': 0.13312076795794633, 'very positive': 0.11029788089413985}",non_irony,0.9570697546005249,False,battery
Samsung Galaxy S24 Ultra will eventually get an update on privacy display as well as all A.I new features from Galaxy 26 Ultra within the next 5 updates from Android 16 onwards,web_review,,,https://www.gsmarena.com/samsung_galaxy_s24_ultra-reviews-12771.php,neutral,0.9023823142051697,0.020883713902696843,neutral,neutral,0.5290811231537886,0.25203760648250806,"{'very negative': 0.02479152456174383, 'negative': 0.03744704162337608, 'neutral': 0.5290811231537886, 'positive': 0.22625531761030326, 'very positive': 0.18242499305078827}",non_irony,0.7853426933288574,False,"display,software"
"S24 Ultra, the last of the Notes. RiP to the Note Series.",web_review,,,https://www.gsmarena.com/samsung_galaxy_s24_ultra-reviews-12771.php,neutral,0.8296993970870972,0.05001262509375484,neutral,neutral,0.47231325303787003,-0.2984981926702978,"{'very negative': 0.24448041062578865, 'negative': 0.20877466598291478, 'neutral': 0.47231325303787003, 'positive': 0.048124238812956674, 'very positive': 0.02630743154046988}",non_irony,0.9670060276985168,False,general
"Aadrian, 03 Mar 2026I downloaded and installed the February patch, a bit delayed but it arrived after all. No issu...moreDone.",web_review,,,https://www.gsmarena.com/samsung_galaxy_s24_ultra-reviews-12771.php,positive,0.5081266760826111,0.3046427341385167,neutral,very negative,0.33611095114271444,-0.2872330402207711,"{'very negative': 0.33611095114271444, 'negative': 0.2144599118507147, 'neutral': 0.161277920147337, 'positive': 0.2640867000238666, 'very positive': 0.024064516835367408}",non_irony,0.939765989780426,False,delivery
"I downloaded and installed the February patch, a bit delayed but it arrived after all. No issues here.",web_review,,,https://www.gsmarena.com/samsung_galaxy_s24_ultra-reviews-12771.php,positive,0.8412796258926392,0.4308862660136997,"neutral,approval",positive,0.6449252461382953,0.49597197994994524,"{'very negative': 0.017234479891194743, 'negative': 0.03339966149954261, 'neutral': 0.09699694494920374, 'positive': 0.6449252461382953, 'very positive': 0.20744366752176363}",non_irony,0.8680025339126587,False,delivery
"Maggs, 27 Feb 2026The February security update removes the feature wipe cache partition. I got it on my s25 ultr...moreThere is a February 5, 2026, security patch available now, but I'm hesitant to download and install it.",web_review,,,https://www.gsmarena.com/samsung_galaxy_s24_ultra-reviews-12771.php,neutral,0.8472838997840881,0.003568384159672877,neutral,neutral,0.5744749447051314,-0.17079985846637996,"{'very negative': 0.1372979560490934, 'negative': 0.1918924104252913, 'neutral': 0.5744749447051314, 'positive': 0.06778077205025007, 'very positive': 0.028553916770234045}",non_irony,0.9210528135299683,False,software
The last proper flagship designed phone from Samsung!!,web_review,,,https://www.gsmarena.com/samsung_galaxy_s24_ultra-reviews-12771.php,positive,0.6243497133255005,0.6633919973615172,neutral,very positive,0.5254848017407819,0.6186510511059455,"{'very negative': 0.04890691689882127, 'negative': 0.039377062958239936, 'neutral': 0.06270782291594715, 'positive': 0.3235233954862097, 'very positive': 0.5254848017407819}",irony,0.8926175236701965,True,"performance,design"
