date,year,month,brand,article,wikipedia_views
2019-01-01,2019,1,Samsung,Samsung_Galaxy,71645
2019-02-01,2019,2,Samsung,Samsung_Galaxy,75949
2019-03-01,2019,3,Samsung,Samsung_Galaxy,79824
2019-04-01,2019,4,Samsung,Samsung_Galaxy,70104
2019-05-01,2019,5,Samsung,Samsung_Galaxy,73982
2019-06-01,2019,6,Samsung,Samsung_Galaxy,73356
2019-07-01,2019,7,Samsung,Samsung_Galaxy,76978
2019-08-01,2019,8,Samsung,Samsung_Galaxy,87522
2019-09-01,2019,9,Samsung,Samsung_Galaxy,90881
2019-10-01,2019,10,Samsung,Samsung_Galaxy,89554
2019-11-01,2019,11,Samsung,Samsung_Galaxy,87784
2019-12-01,2019,12,Samsung,Samsung_Galaxy,84345
2020-01-01,2020,1,Samsung,Samsung_Galaxy,79011
2020-02-01,2020,2,Samsung,Samsung_Galaxy,86117
2020-03-01,2020,3,Samsung,Samsung_Galaxy,82637
2020-04-01,2020,4,Samsung,Samsung_Galaxy,73996
2020-05-01,2020,5,Samsung,Samsung_Galaxy,88801
2020-06-01,2020,6,Samsung,Samsung_Galaxy,81084
2020-07-01,2020,7,Samsung,Samsung_Galaxy,86226
2020-08-01,2020,8,Samsung,Samsung_Galaxy,85063
2020-09-01,2020,9,Samsung,Samsung_Galaxy,64341
2020-10-01,2020,10,Samsung,Samsung_Galaxy,72140
2020-11-01,2020,11,Samsung,Samsung_Galaxy,65465
2020-12-01,2020,12,Samsung,Samsung_Galaxy,57804
2021-01-01,2021,1,Samsung,Samsung_Galaxy,68614
2021-02-01,2021,2,Samsung,Samsung_Galaxy,60830
2021-03-01,2021,3,Samsung,Samsung_Galaxy,71180
2021-04-01,2021,4,Samsung,Samsung_Galaxy,61442
2021-05-01,2021,5,Samsung,Samsung_Galaxy,62834
2021-06-01,2021,6,Samsung,Samsung_Galaxy,72663
2021-07-01,2021,7,Samsung,Samsung_Galaxy,92376
2021-08-01,2021,8,Samsung,Samsung_Galaxy,90345
2021-09-01,2021,9,Samsung,Samsung_Galaxy,84878
2021-10-01,2021,10,Samsung,Samsung_Galaxy,76332
2021-11-01,2021,11,Samsung,Samsung_Galaxy,72984
2021-12-01,2021,12,Samsung,Samsung_Galaxy,61959
2022-01-01,2022,1,Samsung,Samsung_Galaxy,63379
2022-02-01,2022,2,Samsung,Samsung_Galaxy,60614
2022-03-01,2022,3,Samsung,Samsung_Galaxy,63224
2022-04-01,2022,4,Samsung,Samsung_Galaxy,56204
2022-05-01,2022,5,Samsung,Samsung_Galaxy,50490
2022-06-01,2022,6,Samsung,Samsung_Galaxy,49072
2022-07-01,2022,7,Samsung,Samsung_Galaxy,56541
2022-08-01,2022,8,Samsung,Samsung_Galaxy,56650
2022-09-01,2022,9,Samsung,Samsung_Galaxy,61162
2022-10-01,2022,10,Samsung,Samsung_Galaxy,49550
2022-11-01,2022,11,Samsung,Samsung_Galaxy,47349
2022-12-01,2022,12,Samsung,Samsung_Galaxy,42015
2023-01-01,2023,1,Samsung,Samsung_Galaxy,44830
2023-02-01,2023,2,Samsung,Samsung_Galaxy,44358
2023-03-01,2023,3,Samsung,Samsung_Galaxy,50816
2023-04-01,2023,4,Samsung,Samsung_Galaxy,42945
2023-05-01,2023,5,Samsung,Samsung_Galaxy,46835
2023-06-01,2023,6,Samsung,Samsung_Galaxy,49651
2023-07-01,2023,7,Samsung,Samsung_Galaxy,50169
2023-08-01,2023,8,Samsung,Samsung_Galaxy,54759
2023-09-01,2023,9,Samsung,Samsung_Galaxy,60176
2023-10-01,2023,10,Samsung,Samsung_Galaxy,65341
2023-11-01,2023,11,Samsung,Samsung_Galaxy,61818
2023-12-01,2023,12,Samsung,Samsung_Galaxy,55200
2024-01-01,2024,1,Samsung,Samsung_Galaxy,67821
2024-02-01,2024,2,Samsung,Samsung_Galaxy,57140
2024-03-01,2024,3,Samsung,Samsung_Galaxy,58364
2024-04-01,2024,4,Samsung,Samsung_Galaxy,60345
2024-05-01,2024,5,Samsung,Samsung_Galaxy,61407
2024-06-01,2024,6,Samsung,Samsung_Galaxy,57767
2024-07-01,2024,7,Samsung,Samsung_Galaxy,61935
2024-08-01,2024,8,Samsung,Samsung_Galaxy,58369
2024-09-01,2024,9,Samsung,Samsung_Galaxy,60504
2024-10-01,2024,10,Samsung,Samsung_Galaxy,59390
2024-11-01,2024,11,Samsung,Samsung_Galaxy,57905
2024-12-01,2024,12,Samsung,Samsung_Galaxy,2114
2019-01-01,2019,1,Apple iPhone,IPhone,281490
2019-02-01,2019,2,Apple iPhone,IPhone,215478
2019-03-01,2019,3,Apple iPhone,IPhone,328672
2019-04-01,2019,4,Apple iPhone,IPhone,281935
2019-05-01,2019,5,Apple iPhone,IPhone,226581
2019-06-01,2019,6,Apple iPhone,IPhone,234217
2019-07-01,2019,7,Apple iPhone,IPhone,223599
2019-08-01,2019,8,Apple iPhone,IPhone,294895
2019-09-01,2019,9,Apple iPhone,IPhone,489697
2019-10-01,2019,10,Apple iPhone,IPhone,343590
2019-11-01,2019,11,Apple iPhone,IPhone,299711
2019-12-01,2019,12,Apple iPhone,IPhone,288533
2020-01-01,2020,1,Apple iPhone,IPhone,272500
2020-02-01,2020,2,Apple iPhone,IPhone,246365
2020-03-01,2020,3,Apple iPhone,IPhone,223809
2020-04-01,2020,4,Apple iPhone,IPhone,293459
2020-05-01,2020,5,Apple iPhone,IPhone,286354
2020-06-01,2020,6,Apple iPhone,IPhone,289923
2020-07-01,2020,7,Apple iPhone,IPhone,259415
2020-08-01,2020,8,Apple iPhone,IPhone,262476
2020-09-01,2020,9,Apple iPhone,IPhone,264701
2020-10-01,2020,10,Apple iPhone,IPhone,355658
2020-11-01,2020,11,Apple iPhone,IPhone,284317
2020-12-01,2020,12,Apple iPhone,IPhone,248607
2021-01-01,2021,1,Apple iPhone,IPhone,248838
2021-02-01,2021,2,Apple iPhone,IPhone,217522
2021-03-01,2021,3,Apple iPhone,IPhone,238315
2021-04-01,2021,4,Apple iPhone,IPhone,224315
2021-05-01,2021,5,Apple iPhone,IPhone,260718
2021-06-01,2021,6,Apple iPhone,IPhone,262688
2021-07-01,2021,7,Apple iPhone,IPhone,242668
2021-08-01,2021,8,Apple iPhone,IPhone,215125
2021-09-01,2021,9,Apple iPhone,IPhone,325704
2021-10-01,2021,10,Apple iPhone,IPhone,273033
2021-11-01,2021,11,Apple iPhone,IPhone,238283
2021-12-01,2021,12,Apple iPhone,IPhone,229630
2022-01-01,2022,1,Apple iPhone,IPhone,238406
2022-02-01,2022,2,Apple iPhone,IPhone,197891
2022-03-01,2022,3,Apple iPhone,IPhone,222646
2022-04-01,2022,4,Apple iPhone,IPhone,210826
2022-05-01,2022,5,Apple iPhone,IPhone,206923
2022-06-01,2022,6,Apple iPhone,IPhone,194359
2022-07-01,2022,7,Apple iPhone,IPhone,312643
2022-08-01,2022,8,Apple iPhone,IPhone,341916
2022-09-01,2022,9,Apple iPhone,IPhone,486528
2022-10-01,2022,10,Apple iPhone,IPhone,349740
2022-11-01,2022,11,Apple iPhone,IPhone,299420
2022-12-01,2022,12,Apple iPhone,IPhone,215877
2023-01-01,2023,1,Apple iPhone,IPhone,249553
2023-02-01,2023,2,Apple iPhone,IPhone,245804
2023-03-01,2023,3,Apple iPhone,IPhone,251274
2023-04-01,2023,4,Apple iPhone,IPhone,210074
2023-05-01,2023,5,Apple iPhone,IPhone,237993
2023-06-01,2023,6,Apple iPhone,IPhone,300559
2023-07-01,2023,7,Apple iPhone,IPhone,272709
2023-08-01,2023,8,Apple iPhone,IPhone,293560
2023-09-01,2023,9,Apple iPhone,IPhone,396169
2023-10-01,2023,10,Apple iPhone,IPhone,310763
2023-11-01,2023,11,Apple iPhone,IPhone,226280
2023-12-01,2023,12,Apple iPhone,IPhone,168143
2024-01-01,2024,1,Apple iPhone,IPhone,201797
2024-02-01,2024,2,Apple iPhone,IPhone,214009
2024-03-01,2024,3,Apple iPhone,IPhone,240984
2024-04-01,2024,4,Apple iPhone,IPhone,183617
2024-05-01,2024,5,Apple iPhone,IPhone,182763
2024-06-01,2024,6,Apple iPhone,IPhone,177064
2024-07-01,2024,7,Apple iPhone,IPhone,180285
2024-08-01,2024,8,Apple iPhone,IPhone,205734
2024-09-01,2024,9,Apple iPhone,IPhone,235191
2024-10-01,2024,10,Apple iPhone,IPhone,173263
2024-11-01,2024,11,Apple iPhone,IPhone,168013
2024-12-01,2024,12,Apple iPhone,IPhone,5536
2019-01-01,2019,1,Xiaomi,Xiaomi,131839
2019-02-01,2019,2,Xiaomi,Xiaomi,109403
2019-03-01,2019,3,Xiaomi,Xiaomi,120519
2019-04-01,2019,4,Xiaomi,Xiaomi,108742
2019-05-01,2019,5,Xiaomi,Xiaomi,141789
2019-06-01,2019,6,Xiaomi,Xiaomi,116108
2019-07-01,2019,7,Xiaomi,Xiaomi,118593
2019-08-01,2019,8,Xiaomi,Xiaomi,117885
2019-09-01,2019,9,Xiaomi,Xiaomi,124161
2019-10-01,2019,10,Xiaomi,Xiaomi,142038
2019-11-01,2019,11,Xiaomi,Xiaomi,123051
2019-12-01,2019,12,Xiaomi,Xiaomi,112585
2020-01-01,2020,1,Xiaomi,Xiaomi,111498
2020-02-01,2020,2,Xiaomi,Xiaomi,104428
2020-03-01,2020,3,Xiaomi,Xiaomi,103102
2020-04-01,2020,4,Xiaomi,Xiaomi,109238
2020-05-01,2020,5,Xiaomi,Xiaomi,176889
2020-06-01,2020,6,Xiaomi,Xiaomi,320818
2020-07-01,2020,7,Xiaomi,Xiaomi,192039
2020-08-01,2020,8,Xiaomi,Xiaomi,137562
2020-09-01,2020,9,Xiaomi,Xiaomi,120318
2020-10-01,2020,10,Xiaomi,Xiaomi,121498
2020-11-01,2020,11,Xiaomi,Xiaomi,111303
2020-12-01,2020,12,Xiaomi,Xiaomi,105136
2021-01-01,2021,1,Xiaomi,Xiaomi,110642
2021-02-01,2021,2,Xiaomi,Xiaomi,85597
2021-03-01,2021,3,Xiaomi,Xiaomi,102033
2021-04-01,2021,4,Xiaomi,Xiaomi,98103
2021-05-01,2021,5,Xiaomi,Xiaomi,90097
2021-06-01,2021,6,Xiaomi,Xiaomi,94807
2021-07-01,2021,7,Xiaomi,Xiaomi,116905
2021-08-01,2021,8,Xiaomi,Xiaomi,121479
2021-09-01,2021,9,Xiaomi,Xiaomi,118800
2021-10-01,2021,10,Xiaomi,Xiaomi,111187
2021-11-01,2021,11,Xiaomi,Xiaomi,96163
2021-12-01,2021,12,Xiaomi,Xiaomi,91569
2022-01-01,2022,1,Xiaomi,Xiaomi,95290
2022-02-01,2022,2,Xiaomi,Xiaomi,78191
2022-03-01,2022,3,Xiaomi,Xiaomi,86958
2022-04-01,2022,4,Xiaomi,Xiaomi,77981
2022-05-01,2022,5,Xiaomi,Xiaomi,76655
2022-06-01,2022,6,Xiaomi,Xiaomi,71017
2022-07-01,2022,7,Xiaomi,Xiaomi,86803
2022-08-01,2022,8,Xiaomi,Xiaomi,89880
2022-09-01,2022,9,Xiaomi,Xiaomi,89794
2022-10-01,2022,10,Xiaomi,Xiaomi,86352
2022-11-01,2022,11,Xiaomi,Xiaomi,89105
2022-12-01,2022,12,Xiaomi,Xiaomi,75731
2023-01-01,2023,1,Xiaomi,Xiaomi,77245
2023-02-01,2023,2,Xiaomi,Xiaomi,76163
2023-03-01,2023,3,Xiaomi,Xiaomi,104415
2023-04-01,2023,4,Xiaomi,Xiaomi,83002
2023-05-01,2023,5,Xiaomi,Xiaomi,107012
2023-06-01,2023,6,Xiaomi,Xiaomi,111688
2023-07-01,2023,7,Xiaomi,Xiaomi,95973
2023-08-01,2023,8,Xiaomi,Xiaomi,112661
2023-09-01,2023,9,Xiaomi,Xiaomi,94752
2023-10-01,2023,10,Xiaomi,Xiaomi,100970
2023-11-01,2023,11,Xiaomi,Xiaomi,100018
2023-12-01,2023,12,Xiaomi,Xiaomi,102637
2024-01-01,2024,1,Xiaomi,Xiaomi,101132
2024-02-01,2024,2,Xiaomi,Xiaomi,95180
2024-03-01,2024,3,Xiaomi,Xiaomi,107328
2024-04-01,2024,4,Xiaomi,Xiaomi,121385
2024-05-01,2024,5,Xiaomi,Xiaomi,98851
2024-06-01,2024,6,Xiaomi,Xiaomi,63042
2024-07-01,2024,7,Xiaomi,Xiaomi,66010
2024-08-01,2024,8,Xiaomi,Xiaomi,64462
2024-09-01,2024,9,Xiaomi,Xiaomi,73925
2024-10-01,2024,10,Xiaomi,Xiaomi,79003
2024-11-01,2024,11,Xiaomi,Xiaomi,74771
2024-12-01,2024,12,Xiaomi,Xiaomi,2227
2019-01-01,2019,1,OnePlus,OnePlus,125368
2019-02-01,2019,2,OnePlus,OnePlus,96214
2019-03-01,2019,3,OnePlus,OnePlus,101551
2019-04-01,2019,4,OnePlus,OnePlus,91904
2019-05-01,2019,5,OnePlus,OnePlus,249684
2019-06-01,2019,6,OnePlus,OnePlus,177014
2019-07-01,2019,7,OnePlus,OnePlus,140849
2019-08-01,2019,8,OnePlus,OnePlus,143325
2019-09-01,2019,9,OnePlus,OnePlus,180548
2019-10-01,2019,10,OnePlus,OnePlus,209214
2019-11-01,2019,11,OnePlus,OnePlus,151634
2019-12-01,2019,12,OnePlus,OnePlus,133763
2020-01-01,2020,1,OnePlus,OnePlus,133076
2020-02-01,2020,2,OnePlus,OnePlus,105752
2020-03-01,2020,3,OnePlus,OnePlus,95170
2020-04-01,2020,4,OnePlus,OnePlus,163599
2020-05-01,2020,5,OnePlus,OnePlus,188355
2020-06-01,2020,6,OnePlus,OnePlus,378063
2020-07-01,2020,7,OnePlus,OnePlus,348339
2020-08-01,2020,8,OnePlus,OnePlus,201510
2020-09-01,2020,9,OnePlus,OnePlus,166378
2020-10-01,2020,10,OnePlus,OnePlus,194100
2020-11-01,2020,11,OnePlus,OnePlus,137136
2020-12-01,2020,12,OnePlus,OnePlus,109025
2021-01-01,2021,1,OnePlus,OnePlus,118028
2021-02-01,2021,2,OnePlus,OnePlus,86658
2021-03-01,2021,3,OnePlus,OnePlus,116256
2021-04-01,2021,4,OnePlus,OnePlus,95096
2021-05-01,2021,5,OnePlus,OnePlus,86412
2021-06-01,2021,6,OnePlus,OnePlus,122715
2021-07-01,2021,7,OnePlus,OnePlus,134776
2021-08-01,2021,8,OnePlus,OnePlus,111646
2021-09-01,2021,9,OnePlus,OnePlus,100106
2021-10-01,2021,10,OnePlus,OnePlus,106774
2021-11-01,2021,11,OnePlus,OnePlus,84974
2021-12-01,2021,12,OnePlus,OnePlus,81388
2022-01-01,2022,1,OnePlus,OnePlus,90085
2022-02-01,2022,2,OnePlus,OnePlus,74422
2022-03-01,2022,3,OnePlus,OnePlus,80144
2022-04-01,2022,4,OnePlus,OnePlus,75799
2022-05-01,2022,5,OnePlus,OnePlus,73742
2022-06-01,2022,6,OnePlus,OnePlus,77183
2022-07-01,2022,7,OnePlus,OnePlus,118205
2022-08-01,2022,8,OnePlus,OnePlus,110520
2022-09-01,2022,9,OnePlus,OnePlus,105341
2022-10-01,2022,10,OnePlus,OnePlus,95849
2022-11-01,2022,11,OnePlus,OnePlus,82555
2022-12-01,2022,12,OnePlus,OnePlus,76419
2023-01-01,2023,1,OnePlus,OnePlus,79516
2023-02-01,2023,2,OnePlus,OnePlus,79261
2023-03-01,2023,3,OnePlus,OnePlus,82303
2023-04-01,2023,4,OnePlus,OnePlus,65473
2023-05-01,2023,5,OnePlus,OnePlus,73845
2023-06-01,2023,6,OnePlus,OnePlus,80628
2023-07-01,2023,7,OnePlus,OnePlus,99941
2023-08-01,2023,8,OnePlus,OnePlus,85775
2023-09-01,2023,9,OnePlus,OnePlus,82935
2023-10-01,2023,10,OnePlus,OnePlus,108044
2023-11-01,2023,11,OnePlus,OnePlus,84957
2023-12-01,2023,12,OnePlus,OnePlus,77255
2024-01-01,2024,1,OnePlus,OnePlus,92933
2024-02-01,2024,2,OnePlus,OnePlus,88877
2024-03-01,2024,3,OnePlus,OnePlus,97636
2024-04-01,2024,4,OnePlus,OnePlus,144559
2024-05-01,2024,5,OnePlus,OnePlus,99255
2024-06-01,2024,6,OnePlus,OnePlus,54679
2024-07-01,2024,7,OnePlus,OnePlus,65345
2024-08-01,2024,8,OnePlus,OnePlus,63506
2024-09-01,2024,9,OnePlus,OnePlus,63977
2024-10-01,2024,10,OnePlus,OnePlus,64962
2024-11-01,2024,11,OnePlus,OnePlus,56291
2024-12-01,2024,12,OnePlus,OnePlus,1695
2019-01-01,2019,1,Realme,Realme,72745
2019-02-01,2019,2,Realme,Realme,48572
2019-03-01,2019,3,Realme,Realme,74389
2019-04-01,2019,4,Realme,Realme,82858
2019-05-01,2019,5,Realme,Realme,126262
2019-06-01,2019,6,Realme,Realme,89698
2019-07-01,2019,7,Realme,Realme,106660
2019-08-01,2019,8,Realme,Realme,134039
2019-09-01,2019,9,Realme,Realme,152962
2019-10-01,2019,10,Realme,Realme,202925
2019-11-01,2019,11,Realme,Realme,137261
2019-12-01,2019,12,Realme,Realme,128592
2020-01-01,2020,1,Realme,Realme,116791
2020-02-01,2020,2,Realme,Realme,96691
2020-03-01,2020,3,Realme,Realme,91855
2020-04-01,2020,4,Realme,Realme,80767
2020-05-01,2020,5,Realme,Realme,173006
2020-06-01,2020,6,Realme,Realme,373342
2020-07-01,2020,7,Realme,Realme,223976
2020-08-01,2020,8,Realme,Realme,48547
2020-09-01,2020,9,Realme,Realme,127266
2020-10-01,2020,10,Realme,Realme,113475
2020-11-01,2020,11,Realme,Realme,88357
2020-12-01,2020,12,Realme,Realme,78622
2021-01-01,2021,1,Realme,Realme,68714
2021-02-01,2021,2,Realme,Realme,60215
2021-03-01,2021,3,Realme,Realme,60096
2021-04-01,2021,4,Realme,Realme,48599
2021-05-01,2021,5,Realme,Realme,49502
2021-06-01,2021,6,Realme,Realme,66264
2021-07-01,2021,7,Realme,Realme,68633
2021-08-01,2021,8,Realme,Realme,73071
2021-09-01,2021,9,Realme,Realme,69609
2021-10-01,2021,10,Realme,Realme,74530
2021-11-01,2021,11,Realme,Realme,55057
2021-12-01,2021,12,Realme,Realme,56639
2022-01-01,2022,1,Realme,Realme,62179
2022-02-01,2022,2,Realme,Realme,47766
2022-03-01,2022,3,Realme,Realme,52179
2022-04-01,2022,4,Realme,Realme,47342
2022-05-01,2022,5,Realme,Realme,43502
2022-06-01,2022,6,Realme,Realme,40006
2022-07-01,2022,7,Realme,Realme,46980
2022-08-01,2022,8,Realme,Realme,49455
2022-09-01,2022,9,Realme,Realme,54870
2022-10-01,2022,10,Realme,Realme,45555
2022-11-01,2022,11,Realme,Realme,42367
2022-12-01,2022,12,Realme,Realme,38703
2023-01-01,2023,1,Realme,Realme,40746
2023-02-01,2023,2,Realme,Realme,38928
2023-03-01,2023,3,Realme,Realme,40678
2023-04-01,2023,4,Realme,Realme,31747
2023-05-01,2023,5,Realme,Realme,37124
2023-06-01,2023,6,Realme,Realme,38893
2023-07-01,2023,7,Realme,Realme,42609
2023-08-01,2023,8,Realme,Realme,44617
2023-09-01,2023,9,Realme,Realme,39579
2023-10-01,2023,10,Realme,Realme,47929
2023-11-01,2023,11,Realme,Realme,39354
2023-12-01,2023,12,Realme,Realme,40607
2024-01-01,2024,1,Realme,Realme,41356
2024-02-01,2024,2,Realme,Realme,35899
2024-03-01,2024,3,Realme,Realme,42946
2024-04-01,2024,4,Realme,Realme,49284
2024-05-01,2024,5,Realme,Realme,37742
2024-06-01,2024,6,Realme,Realme,26267
2024-07-01,2024,7,Realme,Realme,30465
2024-08-01,2024,8,Realme,Realme,32258
2024-09-01,2024,9,Realme,Realme,33076
2024-10-01,2024,10,Realme,Realme,38536
2024-11-01,2024,11,Realme,Realme,33501
2024-12-01,2024,12,Realme,Realme,988
2019-01-01,2019,1,OPPO,OPPO,2986
2019-02-01,2019,2,OPPO,OPPO,3056
2019-03-01,2019,3,OPPO,OPPO,4322
2019-04-01,2019,4,OPPO,OPPO,4180
2019-05-01,2019,5,OPPO,OPPO,7561
2019-06-01,2019,6,OPPO,OPPO,6341
2019-07-01,2019,7,OPPO,OPPO,815
2019-08-01,2019,8,OPPO,OPPO,766
2019-09-01,2019,9,OPPO,OPPO,1010
2019-10-01,2019,10,OPPO,OPPO,1147
2019-11-01,2019,11,OPPO,OPPO,733
2019-12-01,2019,12,OPPO,OPPO,738
2020-01-01,2020,1,OPPO,OPPO,1070
2020-02-01,2020,2,OPPO,OPPO,496
2020-03-01,2020,3,OPPO,OPPO,433
2020-04-01,2020,4,OPPO,OPPO,387
2020-05-01,2020,5,OPPO,OPPO,251
2020-06-01,2020,6,OPPO,OPPO,251
2020-07-01,2020,7,OPPO,OPPO,248
2020-08-01,2020,8,OPPO,OPPO,248
2020-09-01,2020,9,OPPO,OPPO,185
2020-10-01,2020,10,OPPO,OPPO,170
2020-11-01,2020,11,OPPO,OPPO,173
2020-12-01,2020,12,OPPO,OPPO,167
2021-01-01,2021,1,OPPO,OPPO,182
2021-02-01,2021,2,OPPO,OPPO,151
2021-03-01,2021,3,OPPO,OPPO,199
2021-04-01,2021,4,OPPO,OPPO,250
2021-05-01,2021,5,OPPO,OPPO,192
2021-06-01,2021,6,OPPO,OPPO,199
2021-07-01,2021,7,OPPO,OPPO,270
2021-08-01,2021,8,OPPO,OPPO,299
2021-09-01,2021,9,OPPO,OPPO,284
2021-10-01,2021,10,OPPO,OPPO,285
2021-11-01,2021,11,OPPO,OPPO,543
2021-12-01,2021,12,OPPO,OPPO,2350
2022-01-01,2022,1,OPPO,OPPO,1419
2022-02-01,2022,2,OPPO,OPPO,1076
2022-03-01,2022,3,OPPO,OPPO,1173
2022-04-01,2022,4,OPPO,OPPO,1226
2022-05-01,2022,5,OPPO,OPPO,1318
2022-06-01,2022,6,OPPO,OPPO,1371
2022-07-01,2022,7,OPPO,OPPO,1672
2022-08-01,2022,8,OPPO,OPPO,857
2022-09-01,2022,9,OPPO,OPPO,802
2022-10-01,2022,10,OPPO,OPPO,768
2022-11-01,2022,11,OPPO,OPPO,714
2022-12-01,2022,12,OPPO,OPPO,603
2023-01-01,2023,1,OPPO,OPPO,728
2023-02-01,2023,2,OPPO,OPPO,588
2023-03-01,2023,3,OPPO,OPPO,940
2023-04-01,2023,4,OPPO,OPPO,677
2023-05-01,2023,5,OPPO,OPPO,680
2023-06-01,2023,6,OPPO,OPPO,736
2023-07-01,2023,7,OPPO,OPPO,747
2023-08-01,2023,8,OPPO,OPPO,650
2023-09-01,2023,9,OPPO,OPPO,2198
2023-10-01,2023,10,OPPO,OPPO,4460
2023-11-01,2023,11,OPPO,OPPO,2178
2023-12-01,2023,12,OPPO,OPPO,724
2024-01-01,2024,1,OPPO,OPPO,576
2024-02-01,2024,2,OPPO,OPPO,494
2024-03-01,2024,3,OPPO,OPPO,508
2024-04-01,2024,4,OPPO,OPPO,574
2024-05-01,2024,5,OPPO,OPPO,653
2024-06-01,2024,6,OPPO,OPPO,669
2024-07-01,2024,7,OPPO,OPPO,1432
2024-08-01,2024,8,OPPO,OPPO,2001
2024-09-01,2024,9,OPPO,OPPO,2048
2024-10-01,2024,10,OPPO,OPPO,2258
2024-11-01,2024,11,OPPO,OPPO,757
2024-12-01,2024,12,OPPO,OPPO,37
2019-01-01,2019,1,Sony,Sony_Xperia,22731
2019-02-01,2019,2,Sony,Sony_Xperia,20809
2019-03-01,2019,3,Sony,Sony_Xperia,23085
2019-04-01,2019,4,Sony,Sony_Xperia,21537
2019-05-01,2019,5,Sony,Sony_Xperia,22321
2019-06-01,2019,6,Sony,Sony_Xperia,19681
2019-07-01,2019,7,Sony,Sony_Xperia,20047
2019-08-01,2019,8,Sony,Sony_Xperia,20345
2019-09-01,2019,9,Sony,Sony_Xperia,21045
2019-10-01,2019,10,Sony,Sony_Xperia,21462
2019-11-01,2019,11,Sony,Sony_Xperia,18944
2019-12-01,2019,12,Sony,Sony_Xperia,16285
2020-01-01,2020,1,Sony,Sony_Xperia,16452
2020-02-01,2020,2,Sony,Sony_Xperia,15948
2020-03-01,2020,3,Sony,Sony_Xperia,14271
2020-04-01,2020,4,Sony,Sony_Xperia,17549
2020-05-01,2020,5,Sony,Sony_Xperia,16215
2020-06-01,2020,6,Sony,Sony_Xperia,15156
2020-07-01,2020,7,Sony,Sony_Xperia,14158
2020-08-01,2020,8,Sony,Sony_Xperia,13187
2020-09-01,2020,9,Sony,Sony_Xperia,12315
2020-10-01,2020,10,Sony,Sony_Xperia,14496
2020-11-01,2020,11,Sony,Sony_Xperia,12371
2020-12-01,2020,12,Sony,Sony_Xperia,11425
2021-01-01,2021,1,Sony,Sony_Xperia,12363
2021-02-01,2021,2,Sony,Sony_Xperia,11244
2021-03-01,2021,3,Sony,Sony_Xperia,11719
2021-04-01,2021,4,Sony,Sony_Xperia,12415
2021-05-01,2021,5,Sony,Sony_Xperia,11841
2021-06-01,2021,6,Sony,Sony_Xperia,10514
2021-07-01,2021,7,Sony,Sony_Xperia,11880
2021-08-01,2021,8,Sony,Sony_Xperia,11398
2021-09-01,2021,9,Sony,Sony_Xperia,10658
2021-10-01,2021,10,Sony,Sony_Xperia,11687
2021-11-01,2021,11,Sony,Sony_Xperia,10801
2021-12-01,2021,12,Sony,Sony_Xperia,10335
2022-01-01,2022,1,Sony,Sony_Xperia,11418
2022-02-01,2022,2,Sony,Sony_Xperia,10212
2022-03-01,2022,3,Sony,Sony_Xperia,10766
2022-04-01,2022,4,Sony,Sony_Xperia,10113
2022-05-01,2022,5,Sony,Sony_Xperia,11848
2022-06-01,2022,6,Sony,Sony_Xperia,9608
2022-07-01,2022,7,Sony,Sony_Xperia,10495
2022-08-01,2022,8,Sony,Sony_Xperia,11418
2022-09-01,2022,9,Sony,Sony_Xperia,12593
2022-10-01,2022,10,Sony,Sony_Xperia,11966
2022-11-01,2022,11,Sony,Sony_Xperia,11465
2022-12-01,2022,12,Sony,Sony_Xperia,10121
2023-01-01,2023,1,Sony,Sony_Xperia,11163
2023-02-01,2023,2,Sony,Sony_Xperia,10851
2023-03-01,2023,3,Sony,Sony_Xperia,11715
2023-04-01,2023,4,Sony,Sony_Xperia,9621
2023-05-01,2023,5,Sony,Sony_Xperia,12078
2023-06-01,2023,6,Sony,Sony_Xperia,12604
2023-07-01,2023,7,Sony,Sony_Xperia,12269
2023-08-01,2023,8,Sony,Sony_Xperia,12742
2023-09-01,2023,9,Sony,Sony_Xperia,12610
2023-10-01,2023,10,Sony,Sony_Xperia,13272
2023-11-01,2023,11,Sony,Sony_Xperia,12096
2023-12-01,2023,12,Sony,Sony_Xperia,11907
2024-01-01,2024,1,Sony,Sony_Xperia,13146
2024-02-01,2024,2,Sony,Sony_Xperia,11310
2024-03-01,2024,3,Sony,Sony_Xperia,11308
2024-04-01,2024,4,Sony,Sony_Xperia,11949
2024-05-01,2024,5,Sony,Sony_Xperia,13712
2024-06-01,2024,6,Sony,Sony_Xperia,11137
2024-07-01,2024,7,Sony,Sony_Xperia,11801
2024-08-01,2024,8,Sony,Sony_Xperia,13891
2024-09-01,2024,9,Sony,Sony_Xperia,15973
2024-10-01,2024,10,Sony,Sony_Xperia,14999
2024-11-01,2024,11,Sony,Sony_Xperia,13825
2024-12-01,2024,12,Sony,Sony_Xperia,481
2019-01-01,2019,1,Motorola,Motorola_Moto,8662
2019-02-01,2019,2,Motorola,Motorola_Moto,7928
2019-03-01,2019,3,Motorola,Motorola_Moto,8097
2019-04-01,2019,4,Motorola,Motorola_Moto,7292
2019-05-01,2019,5,Motorola,Motorola_Moto,7876
2019-06-01,2019,6,Motorola,Motorola_Moto,6856
2019-07-01,2019,7,Motorola,Motorola_Moto,6662
2019-08-01,2019,8,Motorola,Motorola_Moto,6171
2019-09-01,2019,9,Motorola,Motorola_Moto,5794
2019-10-01,2019,10,Motorola,Motorola_Moto,6820
2019-11-01,2019,11,Motorola,Motorola_Moto,7725
2019-12-01,2019,12,Motorola,Motorola_Moto,6900
2020-01-01,2020,1,Motorola,Motorola_Moto,6626
2020-02-01,2020,2,Motorola,Motorola_Moto,6622
2020-03-01,2020,3,Motorola,Motorola_Moto,5400
2020-04-01,2020,4,Motorola,Motorola_Moto,6139
2020-05-01,2020,5,Motorola,Motorola_Moto,7604
2020-06-01,2020,6,Motorola,Motorola_Moto,10196
2020-07-01,2020,7,Motorola,Motorola_Moto,8699
2020-08-01,2020,8,Motorola,Motorola_Moto,7307
2020-09-01,2020,9,Motorola,Motorola_Moto,5862
2020-10-01,2020,10,Motorola,Motorola_Moto,6405
2020-11-01,2020,11,Motorola,Motorola_Moto,5981
2020-12-01,2020,12,Motorola,Motorola_Moto,5211
2021-01-01,2021,1,Motorola,Motorola_Moto,5209
2021-02-01,2021,2,Motorola,Motorola_Moto,4649
2021-03-01,2021,3,Motorola,Motorola_Moto,5638
2021-04-01,2021,4,Motorola,Motorola_Moto,5378
2021-05-01,2021,5,Motorola,Motorola_Moto,5110
2021-06-01,2021,6,Motorola,Motorola_Moto,5453
2021-07-01,2021,7,Motorola,Motorola_Moto,5257
2021-08-01,2021,8,Motorola,Motorola_Moto,5699
2021-09-01,2021,9,Motorola,Motorola_Moto,5719
2021-10-01,2021,10,Motorola,Motorola_Moto,5822
2021-11-01,2021,11,Motorola,Motorola_Moto,5512
2021-12-01,2021,12,Motorola,Motorola_Moto,5034
2022-01-01,2022,1,Motorola,Motorola_Moto,4783
2022-02-01,2022,2,Motorola,Motorola_Moto,4620
2022-03-01,2022,3,Motorola,Motorola_Moto,4924
2022-04-01,2022,4,Motorola,Motorola_Moto,4878
2022-05-01,2022,5,Motorola,Motorola_Moto,4737
2022-06-01,2022,6,Motorola,Motorola_Moto,4706
2022-07-01,2022,7,Motorola,Motorola_Moto,5244
2022-08-01,2022,8,Motorola,Motorola_Moto,5431
2022-09-01,2022,9,Motorola,Motorola_Moto,5710
2022-10-01,2022,10,Motorola,Motorola_Moto,4867
2022-11-01,2022,11,Motorola,Motorola_Moto,5118
2022-12-01,2022,12,Motorola,Motorola_Moto,4380
2023-01-01,2023,1,Motorola,Motorola_Moto,5187
2023-02-01,2023,2,Motorola,Motorola_Moto,4182
2023-03-01,2023,3,Motorola,Motorola_Moto,4886
2023-04-01,2023,4,Motorola,Motorola_Moto,4451
2023-05-01,2023,5,Motorola,Motorola_Moto,4850
2023-06-01,2023,6,Motorola,Motorola_Moto,5116
2023-07-01,2023,7,Motorola,Motorola_Moto,5644
2023-08-01,2023,8,Motorola,Motorola_Moto,5594
2023-09-01,2023,9,Motorola,Motorola_Moto,6340
2023-10-01,2023,10,Motorola,Motorola_Moto,7059
2023-11-01,2023,11,Motorola,Motorola_Moto,7502
2023-12-01,2023,12,Motorola,Motorola_Moto,6794
2024-01-01,2024,1,Motorola,Motorola_Moto,7418
2024-02-01,2024,2,Motorola,Motorola_Moto,6352
2024-03-01,2024,3,Motorola,Motorola_Moto,6939
2024-04-01,2024,4,Motorola,Motorola_Moto,6105
2024-05-01,2024,5,Motorola,Motorola_Moto,6302
2024-06-01,2024,6,Motorola,Motorola_Moto,5897
2024-07-01,2024,7,Motorola,Motorola_Moto,6633
2024-08-01,2024,8,Motorola,Motorola_Moto,6957
2024-09-01,2024,9,Motorola,Motorola_Moto,6695
2024-10-01,2024,10,Motorola,Motorola_Moto,7075
2024-11-01,2024,11,Motorola,Motorola_Moto,6868
2024-12-01,2024,12,Motorola,Motorola_Moto,247
